asset_id,asset_name,device_type,manufacturer,purchase_year,warranty_status,location
AST00001,MAIN-5622,Printer,HP,2019,Expired,Hyderabad
AST00002,CHURCH-2477,Desktop,Dell,2020,Expired,Mumbai
AST00003,SCORE-7885,Printer,Apple,2021,Expired,Noida
AST00004,CLEAR-1519,Printer,Dell,2024,Active,Hyderabad
AST00005,ALTHOUGH-7429,Laptop,Asus,2021,Expired,Chennai
AST00006,BASE-5097,Server,Dell,2020,Active,Mumbai
AST00007,ARTIST-8257,Desktop,Acer,2022,Active,Mumbai
AST00008,PEOPLE-2539,Mobile,Acer,2022,Active,Noida
AST00009,TYPE-6113,Printer,HP,2022,Active,Bangalore
AST00010,BUY-8884,Tablet,Lenovo,2021,Active,Pune
AST00011,CHOOSE-4568,Laptop,HP,2019,Expired,Pune
AST00012,BOX-3742,Printer,Asus,2019,Active,Kolkata
AST00013,LIST-4982,Laptop,Dell,2025,Expired,Chennai
AST00014,CARD-2466,Desktop,HP,2021,Expired,Bangalore
AST00015,CHURCH-6544,Tablet,Dell,2024,Active,Pune
AST00016,SEVERAL-3521,Tablet,Asus,2024,Active,Chennai
AST00017,BACK-4812,Printer,Asus,2022,Expired,Noida
AST00018,FEAR-4161,Laptop,Acer,2024,Expired,Pune
AST00019,SPEECH-3207,Printer,Dell,2024,Expired,Noida
AST00020,GO-5828,Mobile,Acer,2023,Expired,Mumbai
AST00021,RISE-4057,Mobile,Lenovo,2023,Expired,Noida
AST00022,FRONT-3627,Laptop,Asus,2021,Active,Noida
AST00023,PARTICULARLY-5314,Mobile,Lenovo,2021,Expired,Hyderabad
AST00024,EDGE-9289,Server,Acer,2025,Active,Hyderabad
AST00025,SERIOUS-6965,Mobile,HP,2023,Expired,Bangalore
AST00026,MEET-9830,Server,HP,2024,Expired,Chennai
AST00027,LEARN-5638,Printer,Apple,2023,Expired,Bangalore
AST00028,IT-9572,Tablet,Dell,2019,Active,Chennai
AST00029,CAN-1512,Desktop,Dell,2020,Expired,Mumbai
AST00030,WONDER-1521,Mobile,Acer,2019,Expired,Noida
AST00031,QUICKLY-5193,Laptop,Lenovo,2023,Active,Bangalore
AST00032,RELATE-4419,Tablet,Apple,2019,Active,Noida
AST00033,YES-1994,Printer,Asus,2025,Expired,Pune
AST00034,REMAIN-1955,Mobile,Lenovo,2025,Active,Bangalore
AST00035,OLD-5979,Laptop,HP,2025,Active,Bangalore
AST00036,SHOULDER-4784,Mobile,Apple,2024,Active,Mumbai
AST00037,PEOPLE-5075,Mobile,Acer,2023,Active,Kolkata
AST00038,FIVE-2728,Tablet,Asus,2024,Expired,Noida
AST00039,WRITE-7997,Laptop,HP,2024,Active,Kolkata
AST00040,SECURITY-6529,Tablet,HP,2023,Expired,Pune
AST00041,DETERMINE-6319,Printer,Apple,2021,Expired,Pune
AST00042,WAR-4943,Mobile,Asus,2023,Active,Kolkata
AST00043,MATERIAL-5162,Printer,Apple,2025,Expired,Kolkata
AST00044,REALITY-1567,Printer,Asus,2019,Active,Chennai
AST00045,ALONG-1107,Printer,HP,2021,Active,Pune
AST00046,HIMSELF-5521,Mobile,Asus,2019,Active,Bangalore
AST00047,CLOSE-8542,Printer,HP,2019,Active,Delhi
AST00048,INCLUDE-5093,Desktop,Lenovo,2021,Expired,Bangalore
AST00049,DARK-7550,Mobile,HP,2023,Active,Pune
AST00050,HAIR-8905,Desktop,Apple,2025,Active,Delhi
AST00051,ATTORNEY-7251,Laptop,Dell,2019,Expired,Pune
AST00052,APPEAR-8115,Server,Dell,2025,Active,Hyderabad
AST00053,ALMOST-7266,Laptop,Lenovo,2024,Active,Pune
AST00054,THOUGHT-3450,Printer,Asus,2023,Active,Chennai
AST00055,TONIGHT-7436,Server,Asus,2019,Active,Mumbai
AST00056,SUGGEST-5747,Server,HP,2022,Active,Pune
AST00057,ENTIRE-8796,Mobile,Acer,2019,Active,Kolkata
AST00058,IMPROVE-2393,Server,Asus,2021,Expired,Chennai
AST00059,CULTURE-3209,Server,Asus,2025,Active,Noida
AST00060,TAX-4212,Mobile,Asus,2022,Active,Mumbai
AST00061,MODERN-5362,Server,Lenovo,2019,Active,Bangalore
AST00062,MAJOR-7776,Server,Lenovo,2024,Expired,Mumbai
AST00063,REASON-6644,Mobile,Acer,2021,Active,Delhi
AST00064,INFORMATION-6729,Mobile,Apple,2020,Active,Noida
AST00065,STEP-4825,Desktop,Acer,2019,Expired,Chennai
AST00066,SECURITY-2405,Laptop,Acer,2025,Active,Mumbai
AST00067,TRAVEL-3419,Printer,Dell,2023,Expired,Bangalore
AST00068,GAME-8373,Server,Dell,2021,Expired,Mumbai
AST00069,LISTEN-9814,Desktop,HP,2024,Expired,Noida
AST00070,CELL-3315,Tablet,Acer,2023,Active,Kolkata
AST00071,TEAM-9631,Laptop,Lenovo,2023,Active,Hyderabad
AST00072,GENERAL-4288,Tablet,Asus,2021,Expired,Hyderabad
AST00073,SKILL-1136,Laptop,Apple,2022,Expired,Pune
AST00074,SECOND-2767,Laptop,Lenovo,2025,Expired,Mumbai
AST00075,KNOWLEDGE-9331,Tablet,Dell,2022,Expired,Noida
AST00076,REASON-9709,Laptop,HP,2025,Active,Noida
AST00077,FORWARD-1352,Laptop,HP,2023,Expired,Pune
AST00078,WHOLE-7445,Tablet,HP,2022,Active,Pune
AST00079,SOCIETY-6765,Printer,Acer,2024,Expired,Mumbai
AST00080,OUR-5519,Laptop,Acer,2023,Expired,Kolkata
AST00081,TRIP-1482,Mobile,Lenovo,2025,Active,Chennai
AST00082,SCENE-7436,Tablet,HP,2021,Active,Kolkata
AST00083,CREATE-4726,Server,HP,2023,Active,Kolkata
AST00084,ACCOUNT-6395,Server,Asus,2021,Active,Mumbai
AST00085,TRUE-3270,Mobile,Asus,2024,Active,Chennai
AST00086,STEP-9582,Desktop,Apple,2021,Active,Chennai
AST00087,COMMUNITY-2111,Mobile,Asus,2021,Active,Chennai
AST00088,ENOUGH-3384,Tablet,Dell,2021,Expired,Kolkata
AST00089,JUST-5970,Server,Acer,2022,Expired,Chennai
AST00090,BETTER-4079,Laptop,HP,2025,Active,Hyderabad
AST00091,MESSAGE-5372,Mobile,Asus,2025,Active,Mumbai
AST00092,TYPE-1427,Printer,Dell,2020,Expired,Chennai
AST00093,GOOD-8680,Tablet,Acer,2023,Expired,Chennai
AST00094,CHOOSE-7348,Server,Apple,2025,Active,Chennai
AST00095,AND-4707,Laptop,Apple,2020,Active,Delhi
AST00096,USUALLY-4646,Tablet,Acer,2022,Active,Mumbai
AST00097,CHALLENGE-3901,Server,Asus,2019,Expired,Pune
AST00098,EDUCATION-8496,Desktop,Apple,2025,Expired,Hyderabad
AST00099,MUST-7232,Tablet,Lenovo,2023,Expired,Hyderabad
AST00100,PM-2791,Server,Apple,2023,Active,Mumbai
AST00101,MISSION-9812,Server,Acer,2023,Active,Kolkata
AST00102,FALL-1807,Desktop,Lenovo,2023,Expired,Kolkata
AST00103,WHATEVER-5684,Server,HP,2021,Expired,Delhi
AST00104,DEGREE-1893,Tablet,Asus,2023,Active,Noida
AST00105,SET-8400,Laptop,Acer,2025,Active,Chennai
AST00106,COUPLE-9952,Desktop,Apple,2025,Expired,Pune
AST00107,KEY-1408,Desktop,Apple,2022,Active,Noida
AST00108,AMERICAN-5097,Printer,Acer,2019,Active,Bangalore
AST00109,SPEND-2870,Tablet,Apple,2019,Expired,Bangalore
AST00110,ACT-7292,Tablet,Asus,2023,Active,Kolkata
AST00111,PROGRAM-7235,Laptop,HP,2023,Expired,Chennai
AST00112,HERSELF-3369,Desktop,Acer,2020,Active,Kolkata
AST00113,SEEK-6071,Tablet,Apple,2021,Expired,Chennai
AST00114,GUN-3155,Desktop,Dell,2019,Expired,Hyderabad
AST00115,SUCH-9153,Server,Asus,2022,Active,Noida
AST00116,POSSIBLE-4553,Mobile,Acer,2020,Expired,Noida
AST00117,HOTEL-8239,Laptop,Asus,2022,Active,Mumbai
AST00118,GREEN-5556,Mobile,Acer,2023,Active,Hyderabad
AST00119,ABLE-3429,Laptop,Acer,2020,Expired,Hyderabad
AST00120,BOOK-1531,Tablet,Asus,2020,Expired,Pune
AST00121,MEETING-1803,Laptop,Apple,2019,Active,Chennai
AST00122,SPORT-5659,Mobile,Acer,2024,Active,Noida
AST00123,THANK-6901,Laptop,Dell,2024,Expired,Pune
AST00124,MORE-7208,Laptop,Apple,2021,Active,Delhi
AST00125,DEFENSE-3204,Laptop,Acer,2022,Expired,Pune
AST00126,DEVELOPMENT-7779,Mobile,HP,2023,Active,Hyderabad
AST00127,CHOOSE-9666,Laptop,Apple,2019,Expired,Kolkata
AST00128,GO-6185,Printer,Asus,2023,Expired,Chennai
AST00129,RESPONSE-9132,Mobile,Acer,2023,Expired,Noida
AST00130,REASON-3947,Mobile,HP,2025,Expired,Mumbai
AST00131,TOWARD-2936,Laptop,Apple,2019,Active,Mumbai
AST00132,SINCE-7793,Server,Dell,2025,Expired,Pune
AST00133,SIX-4478,Laptop,Acer,2023,Active,Delhi
AST00134,MOUTH-2111,Printer,Lenovo,2021,Expired,Hyderabad
AST00135,EYE-6460,Printer,Apple,2019,Active,Chennai
AST00136,NICE-6415,Printer,Acer,2020,Expired,Noida
AST00137,INCLUDE-1582,Tablet,HP,2025,Expired,Chennai
AST00138,VISIT-8546,Mobile,Lenovo,2024,Expired,Kolkata
AST00139,NEWSPAPER-1917,Mobile,Lenovo,2024,Expired,Hyderabad
AST00140,PERFORMANCE-6434,Printer,Dell,2020,Active,Delhi
AST00141,POSITION-1510,Printer,Apple,2025,Active,Kolkata
AST00142,WITH-2914,Printer,Acer,2020,Expired,Hyderabad
AST00143,POPULATION-7780,Laptop,Apple,2021,Active,Pune
AST00144,DEBATE-5958,Desktop,Asus,2022,Expired,Chennai
AST00145,LEARN-7131,Laptop,HP,2019,Active,Noida
AST00146,SPEECH-1408,Server,Asus,2023,Active,Mumbai
AST00147,SIDE-8921,Tablet,Asus,2021,Expired,Pune
AST00148,SUCH-2609,Mobile,Acer,2020,Active,Mumbai
AST00149,AMONG-1598,Server,Apple,2024,Active,Hyderabad
AST00150,LOOK-1721,Tablet,Asus,2021,Active,Pune
AST00151,SERVE-1755,Laptop,Asus,2022,Expired,Hyderabad
AST00152,PERHAPS-6114,Tablet,HP,2023,Expired,Mumbai
AST00153,OFFICER-5695,Printer,Asus,2020,Expired,Noida
AST00154,FILL-2927,Printer,HP,2024,Active,Delhi
AST00155,NOTHING-1249,Mobile,Asus,2019,Active,Mumbai
AST00156,SOMEONE-6739,Mobile,Lenovo,2023,Expired,Chennai
AST00157,LOSS-5641,Mobile,HP,2024,Active,Bangalore
AST00158,ANOTHER-6549,Mobile,Apple,2021,Active,Chennai
AST00159,FEEL-8712,Tablet,Dell,2019,Active,Kolkata
AST00160,GO-2410,Server,Apple,2019,Active,Noida
AST00161,AFFECT-6826,Printer,Lenovo,2023,Active,Bangalore
AST00162,INVOLVE-8629,Mobile,HP,2025,Active,Noida
AST00163,PERFORM-8464,Printer,Acer,2019,Expired,Noida
AST00164,PRODUCT-4666,Desktop,Asus,2020,Expired,Pune
AST00165,STRONG-4004,Tablet,Acer,2022,Expired,Pune
AST00166,AT-8987,Laptop,Dell,2022,Expired,Bangalore
AST00167,MATTER-8842,Server,HP,2021,Expired,Pune
AST00168,THEMSELVES-3087,Mobile,Dell,2023,Expired,Bangalore
AST00169,UNIT-2162,Printer,Asus,2021,Expired,Kolkata
AST00170,KEY-7773,Desktop,Asus,2023,Active,Chennai
AST00171,WOMAN-7288,Laptop,Lenovo,2022,Active,Kolkata
AST00172,MAJOR-8132,Mobile,Lenovo,2025,Active,Chennai
AST00173,WHO-2276,Tablet,Acer,2024,Expired,Bangalore
AST00174,USUALLY-8584,Printer,Asus,2023,Active,Noida
AST00175,POLITICS-6046,Server,Dell,2020,Active,Kolkata
AST00176,OWNER-9098,Tablet,Acer,2021,Active,Bangalore
AST00177,DURING-3276,Mobile,Acer,2020,Active,Chennai
AST00178,WIND-3444,Server,Asus,2024,Expired,Kolkata
AST00179,FORWARD-8326,Desktop,HP,2023,Expired,Delhi
AST00180,THEY-5989,Server,Acer,2023,Expired,Bangalore
AST00181,PERHAPS-1133,Mobile,Asus,2023,Expired,Chennai
AST00182,DOG-5819,Laptop,Lenovo,2025,Active,Hyderabad
AST00183,LISTEN-6885,Laptop,Lenovo,2024,Active,Mumbai
AST00184,EVIDENCE-7459,Tablet,Lenovo,2022,Expired,Kolkata
AST00185,FIRST-8130,Mobile,HP,2022,Active,Noida
AST00186,VOTE-4083,Mobile,Apple,2020,Expired,Kolkata
AST00187,REACH-5726,Tablet,HP,2020,Active,Hyderabad
AST00188,TOGETHER-1257,Desktop,Acer,2019,Expired,Kolkata
AST00189,AMERICAN-2387,Desktop,Acer,2020,Expired,Noida
AST00190,TECHNOLOGY-7974,Mobile,HP,2025,Expired,Kolkata
AST00191,DROP-8373,Server,Lenovo,2023,Active,Chennai
AST00192,RELATE-1121,Mobile,Apple,2022,Active,Delhi
AST00193,WEST-9948,Mobile,Lenovo,2022,Active,Hyderabad
AST00194,PARTICULARLY-8917,Tablet,Lenovo,2023,Active,Noida
AST00195,ENVIRONMENTAL-2311,Desktop,Acer,2024,Expired,Noida
AST00196,INDICATE-2281,Mobile,Asus,2023,Active,Mumbai
AST00197,EVIDENCE-2279,Tablet,Acer,2022,Expired,Hyderabad
AST00198,ABOVE-9765,Laptop,Apple,2021,Expired,Noida
AST00199,NICE-6431,Server,Lenovo,2023,Expired,Delhi
AST00200,DROP-1578,Tablet,Asus,2020,Expired,Delhi
AST00201,AMOUNT-8752,Mobile,HP,2019,Active,Delhi
AST00202,DOCTOR-1447,Printer,Apple,2025,Active,Chennai
AST00203,TERM-2259,Printer,Lenovo,2023,Active,Delhi
AST00204,LISTEN-5209,Laptop,Acer,2021,Active,Chennai
AST00205,EDGE-3476,Tablet,Apple,2023,Expired,Chennai
AST00206,INDUSTRY-4869,Server,HP,2021,Active,Pune
AST00207,ABLE-3376,Mobile,HP,2019,Expired,Kolkata
AST00208,LAW-7277,Desktop,Acer,2025,Expired,Chennai
AST00209,ANYONE-6653,Laptop,Acer,2020,Expired,Bangalore
AST00210,BAG-3745,Server,Apple,2019,Expired,Delhi
AST00211,SUFFER-9724,Desktop,Apple,2022,Expired,Noida
AST00212,SUGGEST-3378,Mobile,Apple,2021,Active,Delhi
AST00213,EYE-8353,Server,Acer,2025,Expired,Hyderabad
AST00214,NORTH-9704,Tablet,Lenovo,2019,Expired,Delhi
AST00215,TEACH-5429,Printer,Dell,2021,Expired,Kolkata
AST00216,WE-4961,Tablet,Acer,2022,Active,Pune
AST00217,OFFICE-3947,Printer,Asus,2024,Active,Hyderabad
AST00218,YARD-2113,Laptop,Apple,2025,Active,Bangalore
AST00219,KEEP-8306,Printer,HP,2024,Expired,Delhi
AST00220,ADMIT-1557,Laptop,Asus,2020,Active,Hyderabad
AST00221,MORE-4552,Mobile,Acer,2023,Active,Bangalore
AST00222,TROUBLE-3128,Server,Acer,2019,Active,Bangalore
AST00223,SIGNIFICANT-4018,Printer,Lenovo,2024,Expired,Bangalore
AST00224,STUDY-8429,Printer,Apple,2024,Expired,Delhi
AST00225,SPEAK-2212,Printer,Dell,2020,Expired,Kolkata
AST00226,PUSH-1984,Printer,Lenovo,2021,Active,Noida
AST00227,STORE-9056,Desktop,Asus,2019,Expired,Chennai
AST00228,FOLLOW-9061,Laptop,HP,2024,Expired,Mumbai
AST00229,SPECIFIC-2740,Server,Acer,2023,Expired,Bangalore
AST00230,PLAN-2194,Laptop,Asus,2019,Expired,Noida
AST00231,RECORD-9154,Desktop,Acer,2019,Active,Hyderabad
AST00232,APPROACH-7397,Printer,HP,2024,Expired,Kolkata
AST00233,MODEL-1060,Mobile,Acer,2023,Expired,Noida
AST00234,PARTNER-7617,Tablet,Dell,2022,Active,Hyderabad
AST00235,DIFFERENT-8898,Laptop,Asus,2022,Expired,Pune
AST00236,NONE-5961,Server,Dell,2024,Active,Pune
AST00237,RECENTLY-6571,Laptop,Apple,2023,Expired,Mumbai
AST00238,OLD-1644,Server,Acer,2020,Active,Delhi
AST00239,FIELD-7391,Laptop,Acer,2024,Expired,Noida
AST00240,STATE-8175,Tablet,HP,2019,Active,Hyderabad
AST00241,BUSINESS-1415,Tablet,Asus,2020,Active,Noida
AST00242,TOP-2032,Mobile,Acer,2022,Expired,Noida
AST00243,EASY-8361,Laptop,Dell,2023,Expired,Hyderabad
AST00244,WISH-1701,Server,Dell,2021,Active,Noida
AST00245,IMPROVE-9791,Desktop,Acer,2024,Active,Bangalore
AST00246,OPTION-3319,Server,Acer,2019,Active,Noida
AST00247,SHE-1750,Desktop,Acer,2023,Active,Hyderabad
AST00248,GET-1818,Printer,Dell,2020,Expired,Chennai
AST00249,COST-2047,Laptop,Dell,2025,Expired,Mumbai
AST00250,OFFER-4320,Server,Lenovo,2019,Expired,Pune
AST00251,REALITY-9943,Desktop,Lenovo,2019,Active,Hyderabad
AST00252,DEEP-3841,Printer,Dell,2023,Active,Delhi
AST00253,ADDRESS-7801,Desktop,Acer,2020,Expired,Chennai
AST00254,REVEAL-4991,Mobile,Dell,2022,Active,Bangalore
AST00255,LAUGH-7162,Desktop,Dell,2025,Expired,Bangalore
AST00256,BASE-1118,Desktop,Dell,2019,Expired,Kolkata
AST00257,GET-8798,Tablet,HP,2024,Active,Chennai
AST00258,RADIO-5439,Mobile,Apple,2024,Expired,Mumbai
AST00259,ELSE-1616,Mobile,HP,2020,Expired,Bangalore
AST00260,YOUR-5934,Printer,Apple,2024,Active,Mumbai
AST00261,MEDIA-2925,Mobile,Dell,2020,Expired,Mumbai
AST00262,AGAINST-4409,Printer,Dell,2022,Active,Bangalore
AST00263,BIT-3444,Tablet,Apple,2025,Expired,Chennai
AST00264,CARRY-1706,Laptop,Acer,2020,Expired,Delhi
AST00265,WORD-8121,Printer,Lenovo,2020,Expired,Hyderabad
AST00266,SO-1859,Mobile,HP,2019,Active,Hyderabad
AST00267,SIDE-9436,Laptop,Dell,2022,Active,Noida
AST00268,EVENING-6340,Server,HP,2023,Expired,Mumbai
AST00269,CONDITION-2804,Printer,HP,2025,Active,Mumbai
AST00270,REALLY-7759,Desktop,Apple,2024,Active,Bangalore
AST00271,FINAL-8936,Laptop,Apple,2022,Active,Mumbai
AST00272,REMAIN-8454,Desktop,Apple,2023,Expired,Chennai
AST00273,EVEN-4181,Tablet,Lenovo,2022,Expired,Mumbai
AST00274,JUST-3084,Laptop,Acer,2021,Active,Delhi
AST00275,COLOR-2820,Server,Apple,2020,Expired,Chennai
AST00276,WESTERN-6629,Desktop,Lenovo,2025,Active,Chennai
AST00277,LAST-4763,Laptop,Apple,2023,Expired,Mumbai
AST00278,DEMOCRAT-8757,Server,Lenovo,2023,Active,Kolkata
AST00279,SHOULDER-5041,Desktop,Lenovo,2024,Expired,Mumbai
AST00280,COMMON-3440,Mobile,Dell,2023,Expired,Hyderabad
AST00281,HIGH-8711,Tablet,Asus,2019,Active,Kolkata
AST00282,BILL-7460,Server,Acer,2023,Active,Noida
AST00283,SOUTHERN-4940,Laptop,Asus,2022,Active,Kolkata
AST00284,WORK-3174,Printer,Lenovo,2020,Active,Bangalore
AST00285,FIGHT-8860,Tablet,Lenovo,2019,Active,Noida
AST00286,FOR-1399,Server,Apple,2025,Active,Kolkata
AST00287,OCCUR-7068,Tablet,Apple,2020,Active,Bangalore
AST00288,ROLE-6454,Mobile,Dell,2022,Expired,Kolkata
AST00289,OFFICIAL-5420,Tablet,Asus,2025,Active,Bangalore
AST00290,PURPOSE-6500,Tablet,Dell,2023,Expired,Hyderabad
AST00291,AUTHORITY-7274,Printer,Apple,2019,Active,Pune
AST00292,BALL-3871,Tablet,Asus,2021,Active,Mumbai
AST00293,CLEARLY-6487,Desktop,Asus,2020,Active,Noida
AST00294,TV-4437,Tablet,HP,2024,Expired,Pune
AST00295,CAMPAIGN-9250,Tablet,Apple,2021,Expired,Hyderabad
AST00296,TONIGHT-7108,Printer,Apple,2019,Expired,Bangalore
AST00297,WRITE-9714,Tablet,Asus,2022,Expired,Noida
AST00298,ABOUT-7031,Tablet,Acer,2023,Active,Mumbai
AST00299,EDUCATION-2430,Laptop,Apple,2022,Active,Delhi
AST00300,ATTORNEY-2791,Desktop,Lenovo,2019,Active,Chennai
AST00301,START-3465,Desktop,Asus,2022,Active,Delhi
AST00302,SPEECH-9870,Desktop,Apple,2022,Expired,Kolkata
AST00303,STUDY-1351,Printer,HP,2022,Active,Hyderabad
AST00304,SON-4806,Mobile,Acer,2025,Expired,Kolkata
AST00305,YOU-6616,Tablet,Acer,2023,Expired,Noida
AST00306,EXPECT-9686,Mobile,Apple,2023,Expired,Delhi
AST00307,COUNTRY-3161,Printer,HP,2023,Expired,Mumbai
AST00308,BUILD-7093,Printer,Dell,2022,Active,Pune
AST00309,SOUTHERN-8469,Desktop,Asus,2021,Active,Delhi
AST00310,LIVE-3873,Tablet,Acer,2020,Active,Chennai
AST00311,GREEN-2915,Laptop,Lenovo,2020,Active,Noida
AST00312,CAMPAIGN-7056,Desktop,HP,2021,Active,Pune
AST00313,MONTH-3423,Printer,Apple,2021,Active,Delhi
AST00314,SPACE-1408,Server,Apple,2019,Active,Noida
AST00315,THING-3556,Laptop,Acer,2021,Expired,Delhi
AST00316,STATE-5748,Mobile,Acer,2022,Active,Noida
AST00317,NOR-2840,Tablet,Apple,2021,Active,Chennai
AST00318,MAKE-2914,Printer,Dell,2024,Expired,Mumbai
AST00319,MUCH-6855,Laptop,Lenovo,2022,Active,Mumbai
AST00320,CAN-9625,Desktop,Lenovo,2023,Active,Hyderabad
AST00321,MEDICAL-9821,Server,Acer,2019,Active,Kolkata
AST00322,RELATE-9035,Printer,Asus,2020,Active,Pune
AST00323,POSSIBLE-3423,Tablet,Apple,2022,Expired,Kolkata
AST00324,FALL-1199,Printer,Lenovo,2021,Expired,Delhi
AST00325,STOCK-2435,Desktop,Acer,2022,Expired,Kolkata
AST00326,BECAUSE-8249,Printer,HP,2025,Expired,Kolkata
AST00327,HEART-2410,Desktop,HP,2020,Expired,Noida
AST00328,STORY-9606,Printer,Dell,2025,Expired,Bangalore
AST00329,BEST-7708,Tablet,Lenovo,2019,Expired,Chennai
AST00330,HEAD-8571,Tablet,Asus,2023,Active,Mumbai
AST00331,CONTROL-7254,Printer,Asus,2020,Expired,Hyderabad
AST00332,IMPORTANT-5947,Mobile,Lenovo,2025,Expired,Noida
AST00333,SURE-1439,Laptop,HP,2020,Expired,Delhi
AST00334,CURRENT-8742,Laptop,Acer,2024,Expired,Kolkata
AST00335,OFFER-9059,Tablet,Acer,2020,Active,Hyderabad
AST00336,YOU-5541,Server,Dell,2019,Expired,Noida
AST00337,ENOUGH-8144,Printer,Acer,2023,Expired,Bangalore
AST00338,SHARE-9397,Tablet,Asus,2021,Active,Delhi
AST00339,AFFECT-1958,Desktop,Lenovo,2020,Expired,Chennai
AST00340,WHETHER-3675,Laptop,Lenovo,2021,Expired,Kolkata
AST00341,WHITE-6832,Laptop,Lenovo,2024,Expired,Bangalore
AST00342,PRESSURE-4175,Tablet,HP,2023,Active,Chennai
AST00343,SUMMER-6285,Printer,Acer,2023,Expired,Delhi
AST00344,STUDENT-6939,Laptop,Asus,2024,Expired,Chennai
AST00345,SPACE-3243,Mobile,Lenovo,2019,Expired,Noida
AST00346,BEFORE-6575,Desktop,Dell,2022,Active,Chennai
AST00347,AT-4622,Desktop,Asus,2023,Active,Kolkata
AST00348,COMMERCIAL-2251,Laptop,HP,2022,Active,Noida
AST00349,CHILD-6104,Tablet,Lenovo,2021,Active,Noida
AST00350,GUESS-9570,Printer,HP,2023,Expired,Hyderabad
AST00351,COLLEGE-2943,Desktop,HP,2024,Active,Mumbai
AST00352,NEARLY-3053,Desktop,HP,2021,Active,Kolkata
AST00353,TEACHER-2830,Laptop,Dell,2024,Expired,Kolkata
AST00354,ROAD-4217,Laptop,Dell,2019,Active,Noida
AST00355,NOR-5145,Laptop,Dell,2019,Expired,Hyderabad
AST00356,DAUGHTER-2581,Laptop,Asus,2025,Active,Mumbai
AST00357,MEASURE-6759,Laptop,Dell,2020,Active,Delhi
AST00358,WINDOW-6698,Printer,HP,2023,Active,Bangalore
AST00359,SOMETIMES-1229,Mobile,HP,2019,Active,Delhi
AST00360,PROGRAM-9800,Laptop,Acer,2020,Active,Mumbai
AST00361,HAVE-8777,Printer,Acer,2023,Active,Noida
AST00362,ALL-2758,Desktop,Lenovo,2024,Expired,Kolkata
AST00363,GROW-9425,Desktop,Apple,2020,Active,Pune
AST00364,TONIGHT-8633,Laptop,Asus,2019,Active,Noida
AST00365,IMPROVE-6918,Tablet,Lenovo,2025,Active,Bangalore
AST00366,STRUCTURE-9088,Laptop,Apple,2021,Expired,Noida
AST00367,SOMETHING-6111,Tablet,Apple,2023,Active,Kolkata
AST00368,LAY-8011,Desktop,Dell,2021,Expired,Pune
AST00369,BODY-1209,Tablet,Apple,2020,Active,Kolkata
AST00370,SURFACE-9563,Tablet,Acer,2022,Active,Bangalore
AST00371,MUSIC-7468,Server,Acer,2020,Active,Chennai
AST00372,STAND-6959,Desktop,Lenovo,2019,Active,Kolkata
AST00373,TASK-4815,Server,Acer,2019,Expired,Delhi
AST00374,INTERESTING-5472,Tablet,Apple,2025,Expired,Noida
AST00375,DIFFERENCE-7626,Server,Asus,2024,Expired,Chennai
AST00376,COMPUTER-8448,Laptop,Dell,2025,Expired,Noida
AST00377,CUSTOMER-4781,Tablet,HP,2022,Active,Bangalore
AST00378,PRESSURE-1865,Laptop,Apple,2024,Active,Chennai
AST00379,PUBLIC-6356,Desktop,Lenovo,2022,Active,Bangalore
AST00380,MEMBER-9518,Server,Apple,2024,Active,Delhi
AST00381,STAFF-9157,Server,Asus,2024,Expired,Pune
AST00382,PEACE-9856,Mobile,Dell,2025,Active,Kolkata
AST00383,SMALL-7285,Server,Lenovo,2019,Expired,Noida
AST00384,SAVE-1589,Laptop,HP,2022,Expired,Chennai
AST00385,AUDIENCE-8056,Desktop,Lenovo,2022,Expired,Noida
AST00386,SIZE-2792,Mobile,Acer,2025,Expired,Noida
AST00387,DREAM-3560,Mobile,Dell,2022,Expired,Delhi
AST00388,THEY-7189,Mobile,Acer,2022,Expired,Delhi
AST00389,REALIZE-2006,Laptop,Asus,2021,Active,Chennai
AST00390,WORLD-7003,Printer,Acer,2025,Active,Pune
AST00391,WHILE-2594,Server,Lenovo,2022,Expired,Kolkata
AST00392,STATEMENT-1924,Tablet,HP,2021,Active,Mumbai
AST00393,MISS-6113,Mobile,Dell,2024,Active,Delhi
AST00394,ONTO-6531,Desktop,Dell,2019,Expired,Hyderabad
AST00395,SPEND-7921,Mobile,Asus,2022,Expired,Delhi
AST00396,LOT-8695,Mobile,Dell,2019,Expired,Kolkata
AST00397,IMPACT-7394,Printer,Asus,2023,Active,Noida
AST00398,FUND-4373,Printer,Apple,2019,Expired,Chennai
AST00399,QUALITY-5907,Printer,Apple,2023,Active,Noida
AST00400,HOME-2234,Mobile,HP,2024,Expired,Delhi
AST00401,DECIDE-5871,Mobile,Apple,2019,Active,Bangalore
AST00402,WE-2552,Mobile,Lenovo,2024,Expired,Bangalore
AST00403,ANALYSIS-9700,Server,Apple,2023,Active,Pune
AST00404,ALTHOUGH-2256,Tablet,Lenovo,2025,Expired,Kolkata
AST00405,LOCAL-9846,Printer,HP,2024,Expired,Kolkata
AST00406,CUP-9443,Server,Acer,2021,Active,Hyderabad
AST00407,ABOUT-9457,Desktop,Asus,2024,Expired,Mumbai
AST00408,OWN-8656,Printer,Acer,2024,Expired,Hyderabad
AST00409,HEAR-4287,Printer,Apple,2023,Active,Mumbai
AST00410,ADULT-5919,Server,Apple,2020,Expired,Bangalore
AST00411,RED-4335,Server,Lenovo,2024,Expired,Chennai
AST00412,WORLD-4868,Server,HP,2021,Active,Chennai
AST00413,HOTEL-1453,Desktop,Lenovo,2020,Expired,Noida
AST00414,RANGE-8145,Server,Acer,2023,Active,Mumbai
AST00415,GROUND-5468,Desktop,Dell,2020,Expired,Delhi
AST00416,JUST-3883,Tablet,Dell,2024,Expired,Hyderabad
AST00417,SO-2375,Printer,Asus,2019,Expired,Bangalore
AST00418,THIRD-6954,Tablet,Acer,2022,Active,Kolkata
AST00419,ACCOUNT-3302,Desktop,Dell,2025,Active,Delhi
AST00420,FORWARD-2478,Desktop,Asus,2022,Active,Pune
AST00421,TRAINING-7388,Tablet,Acer,2021,Active,Kolkata
AST00422,MAJOR-3363,Laptop,HP,2020,Active,Delhi
AST00423,BED-7690,Printer,Asus,2022,Active,Noida
AST00424,CENTER-7139,Tablet,Dell,2023,Expired,Kolkata
AST00425,THREAT-5036,Printer,HP,2022,Expired,Noida
AST00426,BIG-7025,Printer,Dell,2024,Active,Hyderabad
AST00427,PHONE-4926,Printer,Asus,2024,Expired,Delhi
AST00428,NEAR-6945,Tablet,Dell,2024,Active,Noida
AST00429,OPTION-1128,Server,Lenovo,2022,Expired,Bangalore
AST00430,SPACE-4857,Printer,HP,2025,Active,Noida
AST00431,BUT-6196,Tablet,Apple,2024,Active,Delhi
AST00432,PERSONAL-2312,Server,Apple,2025,Expired,Pune
AST00433,CENTURY-7920,Laptop,HP,2024,Expired,Bangalore
AST00434,MATERIAL-7895,Mobile,Acer,2021,Expired,Noida
AST00435,MISS-1448,Laptop,Acer,2024,Active,Noida
AST00436,ON-3229,Laptop,Apple,2025,Active,Delhi
AST00437,OK-2347,Laptop,HP,2021,Active,Chennai
AST00438,SHE-7722,Printer,Apple,2025,Expired,Chennai
AST00439,SORT-3842,Tablet,Asus,2021,Expired,Delhi
AST00440,GROW-2382,Server,Lenovo,2020,Active,Kolkata
AST00441,CALL-4677,Laptop,Dell,2022,Active,Bangalore
AST00442,PROBABLY-4248,Printer,Acer,2022,Active,Hyderabad
AST00443,TALK-8027,Mobile,Lenovo,2022,Active,Bangalore
AST00444,ALONE-3787,Mobile,Dell,2021,Active,Kolkata
AST00445,STOP-8433,Tablet,Apple,2025,Active,Mumbai
AST00446,THING-4328,Desktop,Lenovo,2024,Expired,Noida
AST00447,PULL-3133,Server,HP,2022,Active,Delhi
AST00448,FREE-4102,Server,HP,2024,Expired,Chennai
AST00449,ELSE-5754,Printer,HP,2019,Expired,Mumbai
AST00450,FORGET-8506,Laptop,Dell,2021,Expired,Chennai
AST00451,NOT-6296,Tablet,Apple,2025,Active,Kolkata
AST00452,TERM-7935,Tablet,Asus,2024,Expired,Bangalore
AST00453,LARGE-1962,Laptop,Lenovo,2019,Active,Noida
AST00454,FINALLY-1745,Laptop,Lenovo,2021,Expired,Delhi
AST00455,AMERICAN-7076,Desktop,Asus,2022,Active,Chennai
AST00456,TOWN-3783,Mobile,Apple,2021,Expired,Noida
AST00457,BOTH-2468,Printer,Acer,2020,Expired,Chennai
AST00458,AROUND-2914,Printer,Dell,2021,Active,Noida
AST00459,WRONG-5603,Tablet,Lenovo,2025,Expired,Delhi
AST00460,FIRST-5321,Mobile,Lenovo,2021,Expired,Chennai
AST00461,RED-9049,Desktop,Asus,2021,Expired,Hyderabad
AST00462,CERTAIN-3435,Laptop,HP,2020,Active,Hyderabad
AST00463,SAFE-5263,Desktop,Acer,2022,Expired,Kolkata
AST00464,EVENING-9108,Laptop,Apple,2019,Expired,Noida
AST00465,TEAM-9077,Laptop,Acer,2022,Active,Bangalore
AST00466,HUNDRED-2533,Desktop,Lenovo,2021,Active,Chennai
AST00467,CLAIM-9335,Printer,Asus,2024,Active,Hyderabad
AST00468,FAST-3958,Server,Dell,2023,Active,Noida
AST00469,GROW-2545,Printer,Dell,2024,Expired,Bangalore
AST00470,TO-7120,Mobile,Dell,2022,Expired,Chennai
AST00471,ITS-2328,Server,Acer,2019,Expired,Noida
AST00472,BAD-5412,Mobile,Acer,2024,Active,Pune
AST00473,NICE-8423,Printer,Acer,2019,Active,Mumbai
AST00474,HIMSELF-1797,Tablet,Lenovo,2025,Expired,Hyderabad
AST00475,BAD-2158,Mobile,Asus,2024,Expired,Bangalore
AST00476,MOMENT-5180,Desktop,HP,2022,Expired,Bangalore
AST00477,FOOT-4411,Desktop,Apple,2019,Expired,Delhi
AST00478,SINGLE-3525,Laptop,Lenovo,2024,Expired,Kolkata
AST00479,FIRST-6080,Tablet,Asus,2024,Active,Pune
AST00480,INVESTMENT-2574,Printer,Asus,2024,Active,Noida
AST00481,AGENCY-7358,Server,Lenovo,2022,Expired,Bangalore
AST00482,AGREE-7922,Printer,Asus,2025,Active,Kolkata
AST00483,FEEL-7979,Laptop,Dell,2024,Expired,Noida
AST00484,GENERATION-4673,Tablet,Acer,2024,Active,Noida
AST00485,CRIME-9596,Laptop,Lenovo,2023,Expired,Kolkata
AST00486,SEEK-8825,Printer,HP,2019,Active,Delhi
AST00487,BETTER-5073,Mobile,Apple,2025,Expired,Hyderabad
AST00488,TRUE-2253,Laptop,Asus,2023,Active,Kolkata
AST00489,CERTAIN-2548,Server,Acer,2022,Expired,Pune
AST00490,WORD-2339,Mobile,Dell,2021,Active,Noida
AST00491,NETWORK-3985,Server,Dell,2020,Active,Kolkata
AST00492,PLAYER-5876,Printer,Asus,2024,Expired,Noida
AST00493,PLACE-5342,Printer,HP,2023,Active,Chennai
AST00494,TOGETHER-5248,Tablet,Dell,2019,Expired,Hyderabad
AST00495,BLACK-7470,Laptop,Dell,2019,Active,Noida
AST00496,HIM-7637,Tablet,Acer,2022,Expired,Delhi
AST00497,BUILD-6910,Tablet,Acer,2023,Expired,Delhi
AST00498,BEYOND-3049,Desktop,Dell,2019,Active,Bangalore
AST00499,EVERYTHING-1260,Tablet,HP,2025,Active,Mumbai
AST00500,SPECIAL-3378,Tablet,HP,2022,Expired,Mumbai
AST00501,GOAL-5930,Server,HP,2019,Expired,Kolkata
AST00502,FRIEND-2908,Desktop,HP,2019,Expired,Noida
AST00503,VIEW-1321,Server,Asus,2022,Active,Mumbai
AST00504,CANDIDATE-7418,Laptop,Lenovo,2021,Active,Bangalore
AST00505,COVER-8074,Server,Apple,2024,Expired,Hyderabad
AST00506,PART-7548,Server,Asus,2022,Expired,Mumbai
AST00507,DIFFERENCE-1994,Mobile,Dell,2024,Expired,Pune
AST00508,PASS-2040,Printer,Acer,2023,Expired,Noida
AST00509,SUCH-9106,Mobile,Acer,2019,Expired,Noida
AST00510,BAR-8147,Laptop,HP,2024,Expired,Mumbai
AST00511,EACH-6633,Server,HP,2022,Active,Pune
AST00512,APPEAR-8675,Desktop,Lenovo,2023,Expired,Kolkata
AST00513,FACTOR-6902,Server,HP,2025,Active,Delhi
AST00514,FOREIGN-2412,Tablet,Apple,2024,Active,Chennai
AST00515,THOUGHT-3561,Mobile,Apple,2020,Active,Kolkata
AST00516,SOON-5975,Desktop,HP,2022,Active,Hyderabad
AST00517,OIL-5273,Printer,Acer,2021,Active,Chennai
AST00518,SOMEBODY-9248,Laptop,Dell,2025,Expired,Kolkata
AST00519,NUMBER-4714,Laptop,Asus,2019,Active,Noida
AST00520,WHILE-6575,Printer,Dell,2021,Expired,Chennai
AST00521,TOWN-9444,Mobile,Acer,2025,Active,Hyderabad
AST00522,BASE-8489,Laptop,Dell,2022,Active,Hyderabad
AST00523,TASK-2727,Desktop,Acer,2023,Active,Mumbai
AST00524,SEEM-3572,Tablet,Lenovo,2021,Expired,Noida
AST00525,OFTEN-2626,Desktop,Acer,2024,Expired,Pune
AST00526,WORRY-3257,Laptop,HP,2025,Expired,Kolkata
AST00527,PARTICIPANT-1107,Desktop,Apple,2025,Expired,Delhi
AST00528,TRUTH-3805,Laptop,Lenovo,2023,Expired,Kolkata
AST00529,ROCK-5021,Desktop,Asus,2021,Expired,Mumbai
AST00530,OFFICE-8025,Server,Apple,2020,Expired,Pune
AST00531,FINISH-8251,Desktop,Dell,2019,Active,Bangalore
AST00532,WHAT-6157,Server,HP,2021,Expired,Hyderabad
AST00533,OLD-1607,Tablet,Acer,2022,Active,Hyderabad
AST00534,REALLY-9516,Printer,Apple,2024,Expired,Delhi
AST00535,FINISH-6139,Printer,Dell,2024,Expired,Chennai
AST00536,BLACK-7618,Server,Acer,2024,Active,Noida
AST00537,WANT-6656,Tablet,Apple,2024,Active,Delhi
AST00538,INTERNATIONAL-1605,Mobile,Lenovo,2019,Expired,Chennai
AST00539,SOLDIER-9860,Printer,HP,2023,Active,Delhi
AST00540,WORD-6582,Tablet,HP,2023,Active,Hyderabad
AST00541,AMOUNT-9846,Mobile,Lenovo,2025,Active,Delhi
AST00542,FORGET-7926,Mobile,Dell,2024,Active,Pune
AST00543,WHY-9314,Printer,Dell,2021,Active,Bangalore
AST00544,UNIT-5881,Mobile,Acer,2022,Active,Noida
AST00545,KITCHEN-4868,Tablet,Asus,2021,Active,Pune
AST00546,BETTER-5661,Tablet,Acer,2021,Active,Kolkata
AST00547,REALLY-5057,Laptop,Lenovo,2023,Active,Pune
AST00548,GOAL-2605,Desktop,Acer,2022,Expired,Kolkata
AST00549,EXIST-2511,Laptop,Apple,2019,Active,Noida
AST00550,SIT-8309,Laptop,Lenovo,2020,Expired,Kolkata
AST00551,AREA-5320,Mobile,Apple,2025,Expired,Noida
AST00552,CERTAIN-9020,Tablet,Apple,2024,Active,Chennai
AST00553,AUTHORITY-3082,Server,Acer,2023,Expired,Chennai
AST00554,BETWEEN-9408,Mobile,Dell,2024,Active,Noida
AST00555,YOU-1534,Tablet,HP,2022,Expired,Bangalore
AST00556,PER-7694,Laptop,Dell,2023,Expired,Delhi
AST00557,ABOVE-9565,Desktop,Dell,2019,Expired,Delhi
AST00558,BOTH-5968,Printer,Apple,2021,Active,Chennai
AST00559,VOTE-7910,Laptop,Lenovo,2020,Expired,Mumbai
AST00560,ME-9008,Laptop,Dell,2020,Expired,Bangalore
AST00561,AND-1732,Server,Apple,2025,Expired,Noida
AST00562,MANAGER-7181,Server,Acer,2021,Active,Chennai
AST00563,TABLE-8551,Server,Acer,2023,Expired,Chennai
AST00564,HERSELF-6328,Laptop,Asus,2025,Expired,Kolkata
AST00565,INTO-7478,Printer,Asus,2020,Active,Noida
AST00566,NUMBER-5544,Tablet,Dell,2024,Active,Hyderabad
AST00567,BOTH-6060,Mobile,Acer,2023,Active,Bangalore
AST00568,EVERYTHING-9877,Mobile,Dell,2020,Active,Noida
AST00569,COLD-1305,Laptop,Acer,2023,Active,Hyderabad
AST00570,PERHAPS-4371,Desktop,Acer,2021,Expired,Bangalore
AST00571,YARD-9741,Mobile,Lenovo,2025,Expired,Hyderabad
AST00572,OPTION-1381,Printer,Apple,2022,Active,Kolkata
AST00573,WANT-9649,Printer,Apple,2019,Expired,Bangalore
AST00574,STUDY-2627,Mobile,HP,2019,Expired,Chennai
AST00575,END-5187,Laptop,HP,2020,Expired,Kolkata
AST00576,BEAT-3772,Laptop,Asus,2024,Expired,Chennai
AST00577,GOOD-1958,Printer,Apple,2019,Active,Pune
AST00578,CONCERN-7763,Printer,Lenovo,2020,Expired,Bangalore
AST00579,CRIME-4318,Desktop,Asus,2019,Active,Noida
AST00580,RANGE-9264,Server,Dell,2023,Expired,Hyderabad
AST00581,WHY-8615,Mobile,Apple,2021,Active,Noida
AST00582,OUTSIDE-7676,Tablet,HP,2019,Active,Delhi
AST00583,SCHOOL-2663,Desktop,Asus,2023,Active,Delhi
AST00584,TRIAL-7664,Server,Dell,2023,Active,Chennai
AST00585,BODY-9854,Desktop,HP,2021,Expired,Noida
AST00586,PROFESSOR-1016,Server,Asus,2019,Expired,Chennai
AST00587,TASK-1985,Server,Lenovo,2019,Expired,Kolkata
AST00588,ADULT-4485,Mobile,Asus,2021,Expired,Hyderabad
AST00589,MANY-9750,Mobile,Dell,2020,Expired,Bangalore
AST00590,DISCOVER-3014,Desktop,Acer,2022,Expired,Kolkata
AST00591,SHOULDER-9270,Printer,Acer,2020,Expired,Delhi
AST00592,SECTION-8417,Printer,HP,2025,Expired,Pune
AST00593,CARD-8533,Mobile,Lenovo,2020,Active,Chennai
AST00594,CONDITION-1033,Mobile,Apple,2024,Active,Hyderabad
AST00595,SING-3843,Server,Asus,2024,Expired,Kolkata
AST00596,TERM-2329,Tablet,Acer,2023,Active,Hyderabad
AST00597,TREAT-8293,Tablet,Dell,2025,Expired,Kolkata
AST00598,REST-6864,Server,HP,2025,Active,Bangalore
AST00599,MR-7069,Desktop,Apple,2022,Active,Mumbai
AST00600,EDGE-1324,Printer,Acer,2024,Expired,Mumbai
AST00601,INVOLVE-5967,Tablet,HP,2019,Active,Noida
AST00602,ACCEPT-1602,Printer,Apple,2021,Active,Hyderabad
AST00603,RESPONSIBILITY-7489,Laptop,Lenovo,2020,Expired,Chennai
AST00604,NECESSARY-4174,Tablet,Acer,2023,Active,Bangalore
AST00605,TYPE-3101,Tablet,Dell,2023,Active,Delhi
AST00606,EXPLAIN-4734,Mobile,Acer,2023,Expired,Mumbai
AST00607,PART-1378,Tablet,Acer,2025,Expired,Noida
AST00608,STUDY-7997,Tablet,Acer,2019,Active,Pune
AST00609,SHOW-7666,Printer,Dell,2022,Expired,Noida
AST00610,STAND-9474,Laptop,Acer,2021,Active,Hyderabad
AST00611,THOUSAND-7882,Mobile,Apple,2021,Expired,Hyderabad
AST00612,CUP-4188,Printer,Dell,2022,Active,Mumbai
AST00613,MIND-7943,Laptop,HP,2024,Active,Chennai
AST00614,OFFICER-6092,Laptop,Acer,2021,Active,Hyderabad
AST00615,ECONOMY-8077,Laptop,Asus,2022,Expired,Delhi
AST00616,ARTIST-2766,Server,HP,2020,Expired,Hyderabad
AST00617,LAW-6465,Mobile,HP,2025,Active,Noida
AST00618,DEVELOPMENT-2567,Tablet,Apple,2025,Active,Bangalore
AST00619,POSITION-1546,Server,Lenovo,2019,Active,Chennai
AST00620,REFLECT-8240,Laptop,Lenovo,2019,Expired,Bangalore
AST00621,IMPORTANT-1914,Mobile,Dell,2019,Expired,Kolkata
AST00622,DATA-2570,Mobile,Apple,2022,Active,Hyderabad
AST00623,THANK-7290,Server,Apple,2022,Active,Pune
AST00624,NEWS-1425,Server,Asus,2024,Expired,Mumbai
AST00625,FINAL-2682,Laptop,Asus,2019,Active,Mumbai
AST00626,GUY-3064,Tablet,Asus,2023,Expired,Pune
AST00627,CENTURY-8887,Tablet,Asus,2022,Expired,Chennai
AST00628,INTERVIEW-3255,Laptop,Dell,2020,Active,Delhi
AST00629,PERFORMANCE-8140,Mobile,Acer,2023,Expired,Delhi
AST00630,ITS-9866,Desktop,HP,2023,Expired,Delhi
AST00631,WHETHER-6618,Printer,Lenovo,2023,Active,Chennai
AST00632,PARTICULAR-4889,Mobile,Asus,2019,Active,Kolkata
AST00633,FIELD-4201,Desktop,Acer,2021,Active,Bangalore
AST00634,EXIST-4102,Tablet,Apple,2021,Expired,Pune
AST00635,ENJOY-6499,Mobile,Lenovo,2025,Expired,Pune
AST00636,PRACTICE-2717,Server,Dell,2020,Expired,Mumbai
AST00637,TOTAL-4654,Tablet,HP,2019,Expired,Mumbai
AST00638,VISIT-8876,Tablet,Lenovo,2020,Expired,Mumbai
AST00639,CAPITAL-4018,Laptop,Lenovo,2022,Active,Bangalore
AST00640,SEAT-1491,Mobile,Dell,2021,Active,Delhi
AST00641,KITCHEN-4185,Tablet,Asus,2022,Expired,Hyderabad
AST00642,ESPECIALLY-4262,Desktop,Lenovo,2019,Active,Mumbai
AST00643,RAISE-3855,Printer,Asus,2021,Active,Chennai
AST00644,POINT-1352,Desktop,Lenovo,2020,Active,Hyderabad
AST00645,MODERN-3248,Server,Acer,2025,Active,Pune
AST00646,ABILITY-5998,Server,HP,2020,Expired,Pune
AST00647,BUILDING-3807,Mobile,Asus,2024,Expired,Bangalore
AST00648,INTO-3366,Desktop,HP,2019,Active,Kolkata
AST00649,PERFORMANCE-7131,Printer,Asus,2024,Expired,Mumbai
AST00650,CUT-4098,Mobile,Lenovo,2019,Active,Pune
AST00651,SKIN-1872,Tablet,Lenovo,2020,Active,Noida
AST00652,ENVIRONMENT-2333,Server,Acer,2020,Active,Chennai
AST00653,ROCK-7358,Tablet,Asus,2023,Expired,Noida
AST00654,CAREER-8606,Desktop,Lenovo,2023,Expired,Noida
AST00655,PART-9106,Server,Lenovo,2024,Expired,Hyderabad
AST00656,CREATE-4596,Desktop,Apple,2020,Active,Kolkata
AST00657,TEACH-6013,Server,Apple,2020,Active,Pune
AST00658,PUT-2388,Desktop,Dell,2021,Expired,Noida
AST00659,PARTNER-6760,Desktop,Asus,2023,Active,Noida
AST00660,CALL-6511,Server,Apple,2023,Expired,Kolkata
AST00661,REMAIN-7021,Server,Lenovo,2022,Expired,Kolkata
AST00662,ENERGY-3942,Server,HP,2019,Expired,Bangalore
AST00663,CAUSE-2350,Printer,Asus,2021,Active,Delhi
AST00664,SEEK-2612,Laptop,Dell,2020,Expired,Hyderabad
AST00665,AMOUNT-4281,Printer,HP,2023,Expired,Delhi
AST00666,DURING-5496,Desktop,Acer,2021,Active,Delhi
AST00667,ENJOY-5906,Printer,Lenovo,2019,Expired,Kolkata
AST00668,SIZE-1194,Server,Acer,2025,Active,Kolkata
AST00669,ANY-4717,Tablet,Acer,2020,Active,Noida
AST00670,SIDE-9451,Mobile,Asus,2020,Expired,Noida
AST00671,AWAY-2406,Printer,HP,2021,Expired,Kolkata
AST00672,RETURN-8187,Server,Asus,2020,Active,Pune
AST00673,INDICATE-3102,Printer,Acer,2020,Active,Noida
AST00674,CELL-6810,Printer,HP,2025,Expired,Kolkata
AST00675,DISCOVER-7608,Tablet,Asus,2024,Expired,Pune
AST00676,FACTOR-1380,Mobile,Dell,2023,Active,Chennai
AST00677,BUDGET-7404,Server,HP,2021,Expired,Bangalore
AST00678,PAPER-7331,Desktop,Apple,2023,Active,Pune
AST00679,ABLE-8397,Tablet,Lenovo,2023,Active,Chennai
AST00680,REACH-3910,Laptop,Acer,2019,Expired,Hyderabad
AST00681,DEVELOP-4260,Laptop,Apple,2020,Expired,Mumbai
AST00682,SERIES-5769,Tablet,Asus,2020,Active,Noida
AST00683,BRING-7039,Mobile,Dell,2019,Active,Pune
AST00684,THEMSELVES-7731,Server,HP,2025,Active,Chennai
AST00685,SAFE-7855,Server,Acer,2023,Active,Kolkata
AST00686,ADDRESS-4382,Desktop,HP,2025,Expired,Kolkata
AST00687,JOB-8778,Desktop,Asus,2025,Expired,Mumbai
AST00688,BOTH-8519,Printer,HP,2023,Active,Chennai
AST00689,GROWTH-2048,Server,Asus,2022,Active,Pune
AST00690,DESIGN-9043,Server,Apple,2023,Active,Bangalore
AST00691,LIKELY-8476,Printer,Acer,2021,Expired,Kolkata
AST00692,CHARGE-3869,Server,HP,2023,Active,Kolkata
AST00693,CHOICE-7302,Tablet,HP,2022,Active,Kolkata
AST00694,SHAKE-1715,Desktop,HP,2024,Expired,Delhi
AST00695,RAISE-2093,Tablet,Acer,2024,Active,Noida
AST00696,STOCK-2986,Printer,Dell,2022,Active,Pune
AST00697,CANDIDATE-8388,Desktop,Lenovo,2022,Active,Hyderabad
AST00698,TROUBLE-1437,Laptop,Acer,2022,Expired,Kolkata
AST00699,HOME-7542,Desktop,Apple,2021,Active,Hyderabad
AST00700,GARDEN-2878,Tablet,HP,2021,Expired,Noida
AST00701,ITEM-8558,Laptop,Dell,2022,Active,Noida
AST00702,HUMAN-8713,Printer,HP,2020,Active,Hyderabad
AST00703,RECEIVE-2646,Desktop,Lenovo,2023,Active,Kolkata
AST00704,NATURAL-2271,Tablet,Dell,2020,Expired,Chennai
AST00705,RESPONSE-6866,Desktop,HP,2022,Active,Mumbai
AST00706,FACE-1782,Tablet,Asus,2022,Active,Kolkata
AST00707,LIFE-6051,Server,Dell,2024,Active,Hyderabad
AST00708,RECORD-7183,Desktop,HP,2025,Expired,Mumbai
AST00709,DEFENSE-2497,Laptop,Apple,2020,Active,Hyderabad
AST00710,TOWARD-4148,Tablet,Acer,2021,Active,Mumbai
AST00711,PROVE-3750,Tablet,HP,2019,Active,Kolkata
AST00712,CHILD-2764,Printer,Lenovo,2023,Active,Mumbai
AST00713,DESIGN-7472,Server,Dell,2023,Active,Mumbai
AST00714,IMPROVE-6842,Printer,HP,2019,Active,Kolkata
AST00715,HEAD-6181,Laptop,Apple,2024,Active,Noida
AST00716,CUP-2081,Tablet,Lenovo,2020,Expired,Hyderabad
AST00717,TRUE-4580,Server,Lenovo,2019,Expired,Bangalore
AST00718,REDUCE-9784,Mobile,HP,2024,Expired,Bangalore
AST00719,TOWARD-6314,Tablet,Acer,2023,Expired,Chennai
AST00720,YOUR-3872,Tablet,Acer,2021,Expired,Noida
AST00721,RECOGNIZE-6490,Laptop,Asus,2019,Expired,Kolkata
AST00722,EIGHT-4808,Mobile,Asus,2023,Active,Mumbai
AST00723,MIGHT-3032,Printer,HP,2019,Expired,Mumbai
AST00724,MIDDLE-2300,Laptop,HP,2023,Expired,Noida
AST00725,EYE-4309,Desktop,Apple,2021,Active,Hyderabad
AST00726,LEAVE-8270,Tablet,Lenovo,2020,Active,Delhi
AST00727,APPEAR-1648,Mobile,Apple,2021,Expired,Hyderabad
AST00728,ENTIRE-6427,Printer,HP,2020,Active,Hyderabad
AST00729,ABOUT-5068,Tablet,Acer,2024,Active,Kolkata
AST00730,LEAD-6269,Desktop,Apple,2023,Active,Bangalore
AST00731,MAJOR-9055,Laptop,HP,2025,Active,Chennai
AST00732,COLD-3057,Laptop,HP,2020,Active,Mumbai
AST00733,ASK-2280,Server,Acer,2023,Expired,Delhi
AST00734,STATION-4236,Desktop,Apple,2020,Active,Mumbai
AST00735,VISIT-5675,Mobile,Apple,2021,Active,Delhi
AST00736,THESE-8883,Laptop,Lenovo,2025,Expired,Kolkata
AST00737,AS-8712,Server,Apple,2020,Expired,Chennai
AST00738,SMILE-8897,Laptop,Apple,2025,Expired,Bangalore
AST00739,LOW-5918,Mobile,Asus,2025,Active,Chennai
AST00740,NEED-7233,Server,Lenovo,2021,Expired,Delhi
AST00741,FIGURE-8878,Laptop,Lenovo,2022,Active,Noida
AST00742,DEMOCRAT-3535,Desktop,Dell,2020,Active,Pune
AST00743,JOB-7628,Server,Apple,2022,Expired,Kolkata
AST00744,BRING-6043,Tablet,Asus,2022,Active,Kolkata
AST00745,UPON-3039,Server,Asus,2019,Active,Mumbai
AST00746,FIELD-8148,Printer,Acer,2025,Expired,Noida
AST00747,CHANCE-7032,Tablet,Dell,2024,Expired,Kolkata
AST00748,FEDERAL-5043,Desktop,Apple,2024,Active,Pune
AST00749,FAR-1462,Tablet,Acer,2024,Active,Delhi
AST00750,COST-8462,Tablet,HP,2023,Expired,Mumbai
AST00751,LAST-3644,Laptop,Dell,2023,Active,Kolkata
AST00752,SPECIFIC-2316,Mobile,HP,2022,Expired,Chennai
AST00753,ADDRESS-7993,Printer,Acer,2025,Expired,Kolkata
AST00754,MATERIAL-6045,Tablet,Apple,2023,Active,Bangalore
AST00755,STOCK-6642,Desktop,Lenovo,2024,Active,Kolkata
AST00756,SOUND-6047,Laptop,HP,2024,Expired,Hyderabad
AST00757,NEXT-2144,Tablet,Apple,2019,Expired,Delhi
AST00758,ATTENTION-8060,Desktop,HP,2024,Expired,Chennai
AST00759,PEACE-3200,Desktop,Apple,2024,Active,Bangalore
AST00760,LOOK-4482,Desktop,HP,2022,Active,Chennai
AST00761,HAPPEN-4143,Printer,Apple,2025,Expired,Bangalore
AST00762,FLOOR-3721,Laptop,Lenovo,2025,Active,Kolkata
AST00763,QUICKLY-5534,Laptop,Lenovo,2019,Active,Mumbai
AST00764,DOOR-8949,Tablet,Dell,2022,Active,Hyderabad
AST00765,LISTEN-1118,Tablet,Asus,2021,Active,Bangalore
AST00766,DEEP-9557,Laptop,Apple,2020,Expired,Noida
AST00767,RISE-6521,Mobile,Apple,2022,Expired,Pune
AST00768,TREAT-6620,Printer,HP,2024,Expired,Kolkata
AST00769,FACT-1937,Printer,Lenovo,2022,Active,Hyderabad
AST00770,THOSE-7583,Tablet,HP,2022,Active,Bangalore
AST00771,ME-9693,Printer,Acer,2025,Active,Pune
AST00772,IN-8785,Mobile,Apple,2022,Active,Hyderabad
AST00773,EXPECT-6278,Laptop,Acer,2024,Expired,Hyderabad
AST00774,COLLEGE-6333,Tablet,Apple,2025,Active,Noida
AST00775,MEDIA-2333,Printer,Apple,2022,Expired,Bangalore
AST00776,DISCUSSION-7305,Printer,Asus,2024,Active,Chennai
AST00777,LEFT-9520,Mobile,Acer,2025,Active,Chennai
AST00778,WEST-2426,Printer,Acer,2022,Expired,Chennai
AST00779,CELL-2895,Server,Acer,2022,Active,Mumbai
AST00780,ADULT-3792,Tablet,Acer,2020,Active,Bangalore
AST00781,STATEMENT-1478,Desktop,Lenovo,2022,Expired,Delhi
AST00782,EASY-5220,Tablet,Apple,2020,Active,Chennai
AST00783,QUITE-9060,Laptop,Acer,2023,Expired,Mumbai
AST00784,MENTION-2059,Tablet,Lenovo,2023,Expired,Kolkata
AST00785,IF-8159,Desktop,HP,2024,Expired,Bangalore
AST00786,DISCUSS-2436,Laptop,Dell,2021,Expired,Mumbai
AST00787,OK-2902,Mobile,Lenovo,2024,Active,Pune
AST00788,MR-1027,Printer,Dell,2022,Active,Kolkata
AST00789,QUALITY-6237,Printer,Acer,2022,Active,Mumbai
AST00790,WORLD-7476,Laptop,Asus,2019,Expired,Pune
AST00791,CHECK-5863,Desktop,Apple,2020,Expired,Chennai
AST00792,BREAK-5643,Desktop,Acer,2023,Active,Pune
AST00793,EXECUTIVE-9230,Tablet,Dell,2021,Expired,Noida
AST00794,SET-4534,Server,Lenovo,2024,Expired,Hyderabad
AST00795,HOSPITAL-6458,Desktop,Acer,2025,Active,Mumbai
AST00796,NEARLY-1861,Desktop,Apple,2024,Expired,Delhi
AST00797,ENVIRONMENTAL-3608,Laptop,Asus,2025,Expired,Pune
AST00798,ROAD-8756,Printer,Apple,2022,Expired,Bangalore
AST00799,BIT-5637,Printer,Acer,2023,Active,Kolkata
AST00800,EXPERT-3144,Printer,Asus,2019,Active,Delhi
AST00801,TRAINING-3681,Mobile,HP,2022,Expired,Noida
AST00802,REASON-3372,Desktop,HP,2021,Active,Hyderabad
AST00803,NAME-2670,Tablet,HP,2021,Expired,Kolkata
AST00804,SUCCESSFUL-3756,Laptop,Dell,2024,Expired,Noida
AST00805,FORCE-1859,Laptop,Asus,2020,Expired,Kolkata
AST00806,SKIN-7619,Desktop,Dell,2020,Active,Mumbai
AST00807,INTERNATIONAL-9005,Printer,Acer,2022,Active,Kolkata
AST00808,AGAIN-2468,Server,Acer,2025,Expired,Delhi
AST00809,AT-8292,Printer,Dell,2024,Active,Bangalore
AST00810,OUR-2999,Server,Acer,2019,Active,Hyderabad
AST00811,VALUE-8856,Printer,Acer,2023,Active,Chennai
AST00812,BOTH-8932,Tablet,Acer,2022,Expired,Delhi
AST00813,EFFORT-3051,Laptop,Lenovo,2023,Active,Chennai
AST00814,WAY-1323,Server,Asus,2022,Expired,Bangalore
AST00815,FEAR-9830,Tablet,Acer,2023,Active,Mumbai
AST00816,ENTIRE-2922,Desktop,Asus,2024,Active,Hyderabad
AST00817,TAKE-8327,Printer,Dell,2023,Active,Chennai
AST00818,ELECTION-4378,Tablet,HP,2023,Active,Delhi
AST00819,SOMETIMES-1573,Laptop,Dell,2025,Expired,Pune
AST00820,RELATE-3811,Server,Acer,2023,Active,Mumbai
AST00821,WORD-1756,Mobile,Lenovo,2021,Expired,Chennai
AST00822,ONLY-9035,Tablet,Lenovo,2023,Expired,Mumbai
AST00823,TOTAL-2622,Tablet,Dell,2024,Active,Hyderabad
AST00824,POSITIVE-3321,Printer,HP,2020,Active,Mumbai
AST00825,PAPER-6882,Printer,HP,2023,Expired,Bangalore
AST00826,SUCCESSFUL-5177,Printer,Apple,2023,Active,Kolkata
AST00827,WINDOW-2364,Printer,Acer,2022,Expired,Chennai
AST00828,NEXT-4338,Laptop,Acer,2023,Expired,Mumbai
AST00829,WILL-7097,Mobile,Acer,2024,Active,Kolkata
AST00830,COVER-3514,Printer,Apple,2025,Expired,Hyderabad
AST00831,PRODUCT-5055,Laptop,Lenovo,2023,Active,Bangalore
AST00832,MODEL-9984,Server,Dell,2024,Expired,Bangalore
AST00833,NEWSPAPER-6464,Printer,HP,2021,Active,Delhi
AST00834,ABOUT-2604,Server,HP,2019,Expired,Bangalore
AST00835,CHURCH-3023,Desktop,Asus,2025,Expired,Noida
AST00836,AGAIN-9666,Printer,Acer,2019,Expired,Delhi
AST00837,GENERATION-2623,Laptop,HP,2023,Expired,Kolkata
AST00838,SPECIAL-6655,Tablet,Acer,2020,Expired,Noida
AST00839,ROAD-3090,Printer,Dell,2023,Active,Chennai
AST00840,SPEECH-7206,Mobile,Acer,2020,Expired,Hyderabad
AST00841,ONCE-7064,Tablet,HP,2024,Expired,Noida
AST00842,KIND-8191,Printer,Apple,2020,Expired,Delhi
AST00843,OUT-9529,Tablet,HP,2022,Expired,Bangalore
AST00844,GROWTH-7660,Printer,Dell,2021,Active,Bangalore
AST00845,ABILITY-4932,Laptop,HP,2024,Active,Bangalore
AST00846,MEDICAL-5683,Mobile,Apple,2024,Active,Kolkata
AST00847,DAUGHTER-9334,Tablet,HP,2024,Expired,Noida
AST00848,CULTURE-9722,Tablet,Dell,2023,Expired,Hyderabad
AST00849,BOY-4115,Tablet,Dell,2023,Expired,Pune
AST00850,SIGNIFICANT-9652,Tablet,Asus,2020,Active,Noida
AST00851,FOLLOW-9577,Desktop,HP,2020,Active,Pune
AST00852,SET-3184,Mobile,Lenovo,2025,Active,Kolkata
AST00853,SOUTH-7211,Desktop,Lenovo,2022,Active,Pune
AST00854,LARGE-5092,Mobile,Dell,2024,Expired,Delhi
AST00855,ENTER-5809,Printer,HP,2022,Active,Kolkata
AST00856,SAFE-5994,Tablet,Asus,2020,Active,Noida
AST00857,SUMMER-8999,Laptop,Lenovo,2023,Active,Noida
AST00858,EXPERT-5888,Printer,Dell,2021,Active,Pune
AST00859,PEACE-4050,Server,Lenovo,2024,Active,Bangalore
AST00860,DECISION-9061,Desktop,Dell,2022,Active,Kolkata
AST00861,PRODUCTION-8985,Laptop,HP,2019,Expired,Mumbai
AST00862,INTEREST-7477,Printer,Lenovo,2022,Expired,Kolkata
AST00863,RELATIONSHIP-9788,Printer,Dell,2020,Expired,Noida
AST00864,THOUSAND-3291,Printer,Acer,2020,Expired,Hyderabad
AST00865,PLAY-4251,Laptop,HP,2021,Expired,Hyderabad
AST00866,OTHER-7464,Server,Acer,2020,Expired,Hyderabad
AST00867,ORGANIZATION-4260,Server,Acer,2020,Expired,Bangalore
AST00868,HEAVY-9012,Mobile,Apple,2022,Active,Pune
AST00869,BIG-7551,Mobile,Acer,2025,Expired,Chennai
AST00870,HUSBAND-2767,Laptop,HP,2019,Active,Pune
AST00871,MARRIAGE-1223,Tablet,HP,2023,Active,Pune
AST00872,PROBABLY-1131,Server,Apple,2022,Expired,Delhi
AST00873,DEAL-2353,Server,HP,2022,Active,Chennai
AST00874,VOICE-5606,Laptop,Lenovo,2020,Active,Kolkata
AST00875,ELECTION-8764,Tablet,Dell,2020,Active,Mumbai
AST00876,GARDEN-3436,Desktop,Dell,2025,Active,Kolkata
AST00877,ANSWER-5486,Desktop,HP,2019,Expired,Hyderabad
AST00878,TOWARD-4270,Laptop,Dell,2023,Expired,Kolkata
AST00879,GREAT-6020,Tablet,Acer,2023,Active,Mumbai
AST00880,HEAVY-7980,Server,Dell,2021,Expired,Hyderabad
AST00881,MARKET-2803,Printer,Lenovo,2021,Expired,Pune
AST00882,SONG-7849,Desktop,Lenovo,2024,Active,Chennai
AST00883,EFFECT-1008,Laptop,Acer,2019,Expired,Mumbai
AST00884,NO-8734,Printer,Asus,2021,Active,Kolkata
AST00885,GOAL-5133,Server,Lenovo,2020,Expired,Delhi
AST00886,MIND-2587,Tablet,Dell,2019,Active,Pune
AST00887,DRIVE-6920,Tablet,Asus,2021,Expired,Mumbai
AST00888,LAWYER-5521,Desktop,Asus,2024,Expired,Bangalore
AST00889,OR-3137,Tablet,Acer,2019,Active,Hyderabad
AST00890,ADMIT-4120,Desktop,Acer,2023,Expired,Bangalore
AST00891,ROAD-9955,Mobile,Lenovo,2019,Expired,Noida
AST00892,BALL-4309,Mobile,Acer,2025,Active,Hyderabad
AST00893,BOARD-4140,Server,Asus,2020,Expired,Pune
AST00894,OTHER-8347,Tablet,Acer,2021,Active,Kolkata
AST00895,WAR-8910,Server,Asus,2019,Active,Chennai
AST00896,CERTAIN-5491,Tablet,HP,2023,Expired,Hyderabad
AST00897,DURING-1996,Tablet,HP,2023,Expired,Noida
AST00898,ITEM-9723,Mobile,Dell,2024,Active,Noida
AST00899,TRIAL-9344,Server,Asus,2025,Expired,Kolkata
AST00900,ANIMAL-5448,Desktop,HP,2023,Active,Chennai
AST00901,DEMOCRATIC-4568,Mobile,Acer,2023,Active,Noida
AST00902,MANAGE-9602,Printer,Lenovo,2023,Active,Delhi
AST00903,ITSELF-5399,Mobile,Dell,2024,Active,Mumbai
AST00904,NOR-9741,Desktop,Lenovo,2019,Active,Chennai
AST00905,SINGLE-3178,Printer,Dell,2021,Active,Mumbai
AST00906,BABY-2903,Laptop,Acer,2023,Expired,Pune
AST00907,BOARD-2363,Tablet,Asus,2021,Expired,Chennai
AST00908,RESPONSIBILITY-5831,Printer,Dell,2022,Active,Pune
AST00909,OFFICIAL-5582,Desktop,Lenovo,2020,Active,Bangalore
AST00910,LET-7258,Tablet,Lenovo,2024,Active,Noida
AST00911,SERIOUS-6312,Printer,HP,2020,Expired,Chennai
AST00912,CENTRAL-4796,Tablet,Acer,2022,Expired,Pune
AST00913,DO-8848,Laptop,Apple,2020,Active,Noida
AST00914,SING-3885,Desktop,Asus,2020,Expired,Chennai
AST00915,DIFFICULT-5621,Laptop,Lenovo,2024,Active,Chennai
AST00916,DISCOVER-7458,Tablet,Asus,2025,Active,Bangalore
AST00917,HOSPITAL-2180,Server,HP,2020,Expired,Kolkata
AST00918,BILL-9630,Desktop,Acer,2019,Active,Bangalore
AST00919,ALTHOUGH-7291,Laptop,Dell,2022,Active,Hyderabad
AST00920,ESTABLISH-5068,Laptop,Lenovo,2020,Active,Hyderabad
AST00921,ACTIVITY-1153,Laptop,Asus,2025,Expired,Bangalore
AST00922,WHY-3281,Server,Asus,2020,Expired,Chennai
AST00923,PEOPLE-6435,Server,HP,2021,Active,Hyderabad
AST00924,ISSUE-5382,Tablet,Asus,2023,Active,Hyderabad
AST00925,CAMERA-1729,Laptop,Asus,2025,Expired,Bangalore
AST00926,FAST-7804,Desktop,Dell,2023,Active,Hyderabad
AST00927,QUESTION-7998,Server,HP,2020,Expired,Delhi
AST00928,PER-7303,Tablet,Acer,2020,Active,Noida
AST00929,VOICE-2804,Desktop,Dell,2020,Expired,Pune
AST00930,LISTEN-6467,Laptop,Lenovo,2019,Active,Hyderabad
AST00931,WALK-3475,Desktop,Apple,2023,Expired,Chennai
AST00932,DETERMINE-7967,Desktop,Acer,2024,Expired,Delhi
AST00933,BETTER-2702,Printer,Apple,2021,Expired,Delhi
AST00934,GROW-2251,Laptop,HP,2025,Active,Pune
AST00935,WIND-7399,Server,Acer,2020,Expired,Bangalore
AST00936,ECONOMIC-8003,Tablet,Lenovo,2019,Active,Bangalore
AST00937,POPULATION-3089,Desktop,Apple,2021,Expired,Pune
AST00938,BY-7944,Server,Acer,2022,Expired,Pune
AST00939,BETTER-5028,Server,Apple,2020,Expired,Noida
AST00940,SUPPORT-9785,Desktop,Apple,2023,Active,Kolkata
AST00941,ENOUGH-4593,Tablet,Dell,2023,Active,Pune
AST00942,STRONG-4330,Laptop,Lenovo,2019,Expired,Chennai
AST00943,PIECE-1976,Printer,Lenovo,2019,Active,Delhi
AST00944,NOT-3361,Mobile,Apple,2022,Active,Mumbai
AST00945,SKIN-4679,Laptop,Acer,2025,Active,Bangalore
AST00946,PROFESSIONAL-3344,Server,Acer,2024,Active,Kolkata
AST00947,WRITER-1886,Tablet,Dell,2021,Active,Noida
AST00948,SORT-3591,Laptop,HP,2025,Expired,Chennai
AST00949,EFFECT-5014,Laptop,Dell,2019,Expired,Chennai
AST00950,ANOTHER-3988,Server,Acer,2025,Active,Delhi
AST00951,MAYBE-7742,Tablet,Lenovo,2022,Expired,Hyderabad
AST00952,RISK-2822,Desktop,Dell,2021,Active,Chennai
AST00953,FACTOR-3627,Laptop,Apple,2023,Expired,Noida
AST00954,NUMBER-5227,Mobile,Asus,2023,Expired,Mumbai
AST00955,COMPUTER-3569,Printer,Dell,2022,Expired,Chennai
AST00956,REALLY-4471,Server,Asus,2024,Active,Mumbai
AST00957,SOMETIMES-4009,Tablet,Asus,2022,Active,Noida
AST00958,SAFE-6131,Tablet,Acer,2022,Expired,Kolkata
AST00959,SHOULDER-1895,Printer,Acer,2020,Expired,Mumbai
AST00960,ACCORDING-2776,Laptop,Dell,2021,Expired,Pune
AST00961,WITH-4924,Printer,HP,2019,Active,Bangalore
AST00962,THOUSAND-1179,Printer,HP,2020,Active,Hyderabad
AST00963,MIGHT-5410,Laptop,Asus,2020,Active,Noida
AST00964,TECHNOLOGY-1787,Printer,Dell,2019,Expired,Hyderabad
AST00965,DIRECTION-5626,Server,Asus,2021,Active,Pune
AST00966,STUFF-7400,Tablet,Lenovo,2025,Active,Bangalore
AST00967,ITS-7672,Tablet,Asus,2021,Active,Chennai
AST00968,VERY-7260,Server,Asus,2019,Active,Delhi
AST00969,GIVE-3482,Tablet,Apple,2020,Active,Bangalore
AST00970,BLACK-4794,Desktop,Acer,2024,Active,Chennai
AST00971,BEHAVIOR-9459,Tablet,Asus,2023,Expired,Noida
AST00972,MOST-3149,Printer,Lenovo,2025,Expired,Kolkata
AST00973,PASS-7350,Desktop,HP,2019,Active,Chennai
AST00974,DROP-9151,Laptop,Dell,2023,Active,Delhi
AST00975,WISH-2428,Server,Dell,2023,Expired,Pune
AST00976,PARENT-5843,Desktop,Dell,2020,Expired,Pune
AST00977,FALL-2461,Laptop,HP,2021,Expired,Delhi
AST00978,A-5194,Server,Acer,2022,Active,Bangalore
AST00979,LATE-8999,Laptop,Lenovo,2023,Expired,Kolkata
AST00980,SAME-3113,Server,Lenovo,2022,Expired,Pune
AST00981,HAPPY-7769,Mobile,Apple,2019,Expired,Hyderabad
AST00982,WORRY-1934,Tablet,HP,2023,Active,Chennai
AST00983,HEAVY-2725,Printer,Apple,2025,Active,Kolkata
AST00984,SOME-2195,Desktop,Apple,2025,Expired,Bangalore
AST00985,LOCAL-8632,Server,Acer,2021,Expired,Bangalore
AST00986,ONLY-3953,Tablet,Dell,2019,Expired,Kolkata
AST00987,SAFE-7578,Printer,Dell,2020,Expired,Pune
AST00988,COMMUNITY-8967,Desktop,Acer,2023,Expired,Bangalore
AST00989,AGREEMENT-8447,Laptop,Asus,2021,Active,Noida
AST00990,SINGLE-4497,Printer,Asus,2020,Active,Kolkata
AST00991,BILL-6922,Server,Apple,2019,Active,Hyderabad
AST00992,PRODUCT-1375,Tablet,Apple,2020,Expired,Delhi
AST00993,OWNER-3885,Laptop,HP,2024,Active,Delhi
AST00994,AGAINST-2338,Printer,Acer,2022,Expired,Kolkata
AST00995,REGION-4507,Tablet,Lenovo,2023,Active,Hyderabad
AST00996,FACE-8021,Printer,Lenovo,2019,Active,Mumbai
AST00997,DATA-7866,Server,Apple,2021,Active,Kolkata
AST00998,CONSIDER-7375,Laptop,Asus,2021,Active,Bangalore
AST00999,TEST-3369,Printer,Acer,2024,Expired,Hyderabad
AST01000,CLOSE-8514,Desktop,Apple,2020,Expired,Bangalore
AST01001,EAST-7658,Printer,Asus,2025,Active,Noida
AST01002,SING-3059,Tablet,Apple,2025,Active,Hyderabad
AST01003,ANSWER-4074,Server,Acer,2020,Active,Kolkata
AST01004,SIGNIFICANT-6703,Desktop,HP,2020,Active,Pune
AST01005,COUNTRY-6960,Laptop,Lenovo,2025,Expired,Bangalore
AST01006,DEAL-9177,Tablet,Apple,2024,Expired,Kolkata
AST01007,THEIR-6770,Mobile,Apple,2021,Expired,Bangalore
AST01008,DETERMINE-8517,Server,Lenovo,2020,Active,Chennai
AST01009,DECADE-8141,Server,Lenovo,2023,Expired,Delhi
AST01010,CAUSE-2625,Laptop,Dell,2024,Active,Hyderabad
AST01011,FIND-7738,Laptop,Apple,2023,Active,Noida
AST01012,MAGAZINE-1534,Tablet,Lenovo,2023,Expired,Mumbai
AST01013,ASK-8448,Mobile,Apple,2020,Active,Mumbai
AST01014,RECENTLY-8693,Laptop,Lenovo,2025,Expired,Kolkata
AST01015,LISTEN-7484,Laptop,Lenovo,2025,Active,Delhi
AST01016,DRAW-5333,Printer,Apple,2021,Active,Hyderabad
AST01017,PRESENT-1535,Laptop,Dell,2022,Active,Pune
AST01018,CENTER-9502,Tablet,Asus,2025,Expired,Pune
AST01019,ALMOST-8045,Desktop,Asus,2020,Expired,Mumbai
AST01020,BUY-7444,Laptop,Asus,2023,Expired,Chennai
AST01021,SHE-7396,Tablet,HP,2024,Expired,Pune
AST01022,WHILE-3595,Server,HP,2023,Active,Chennai
AST01023,SHAKE-2939,Tablet,Asus,2023,Expired,Delhi
AST01024,DEMOCRATIC-3605,Printer,HP,2025,Active,Bangalore
AST01025,HIT-8166,Laptop,Acer,2019,Active,Hyderabad
AST01026,PRODUCT-9907,Laptop,Asus,2023,Expired,Hyderabad
AST01027,SOMETHING-3138,Server,Acer,2024,Expired,Chennai
AST01028,UP-4633,Printer,HP,2020,Active,Kolkata
AST01029,SORT-5267,Tablet,Dell,2025,Expired,Bangalore
AST01030,FIRM-1379,Tablet,Asus,2020,Active,Bangalore
AST01031,THEY-3010,Laptop,HP,2022,Expired,Delhi
AST01032,RIGHT-2520,Laptop,Apple,2020,Expired,Mumbai
AST01033,LAY-2649,Server,Dell,2022,Expired,Bangalore
AST01034,CLASS-2250,Desktop,Acer,2022,Expired,Kolkata
AST01035,RISE-8387,Desktop,HP,2021,Expired,Hyderabad
AST01036,AT-1515,Laptop,Lenovo,2020,Expired,Noida
AST01037,THESE-9953,Laptop,HP,2023,Expired,Bangalore
AST01038,WEAR-1484,Mobile,Dell,2020,Active,Mumbai
AST01039,COLD-6978,Laptop,HP,2025,Active,Pune
AST01040,MATTER-4600,Laptop,Acer,2020,Active,Delhi
AST01041,HUMAN-8890,Desktop,Dell,2021,Expired,Delhi
AST01042,ACCOUNT-9123,Server,Asus,2022,Expired,Mumbai
AST01043,CONGRESS-3833,Desktop,Acer,2021,Expired,Kolkata
AST01044,HOUSE-6105,Desktop,HP,2019,Expired,Kolkata
AST01045,ALREADY-7942,Mobile,Acer,2022,Expired,Pune
AST01046,NO-2762,Mobile,Apple,2023,Expired,Mumbai
AST01047,CONTINUE-6782,Printer,Acer,2023,Active,Noida
AST01048,RETURN-1553,Mobile,Lenovo,2020,Expired,Delhi
AST01049,THREAT-9691,Printer,Apple,2023,Active,Bangalore
AST01050,WALK-6286,Server,HP,2020,Expired,Mumbai
AST01051,KITCHEN-4525,Tablet,Lenovo,2019,Expired,Chennai
AST01052,BOY-6151,Laptop,Dell,2025,Expired,Hyderabad
AST01053,BECOME-6388,Desktop,Apple,2024,Expired,Mumbai
AST01054,SOUTH-2085,Server,Lenovo,2023,Active,Mumbai
AST01055,COACH-5555,Tablet,Asus,2019,Active,Kolkata
AST01056,DEVELOPMENT-8130,Printer,Lenovo,2024,Active,Mumbai
AST01057,BABY-9092,Server,Dell,2019,Expired,Kolkata
AST01058,CLASS-3033,Server,HP,2019,Expired,Kolkata
AST01059,JUST-1348,Printer,Dell,2020,Active,Noida
AST01060,BOY-3147,Server,Dell,2021,Active,Pune
AST01061,LEARN-1266,Laptop,Apple,2024,Active,Kolkata
AST01062,DROP-5931,Printer,Lenovo,2024,Expired,Kolkata
AST01063,SCENE-6131,Server,Asus,2019,Active,Kolkata
AST01064,TAX-8447,Server,Acer,2021,Active,Pune
AST01065,COMPARE-2683,Laptop,HP,2023,Active,Hyderabad
AST01066,EXACTLY-2722,Printer,Acer,2020,Expired,Mumbai
AST01067,SELL-2442,Desktop,Acer,2020,Expired,Hyderabad
AST01068,NATURE-1860,Printer,Dell,2024,Active,Hyderabad
AST01069,SELL-2229,Printer,Lenovo,2021,Expired,Delhi
AST01070,ONE-3790,Desktop,Asus,2024,Expired,Bangalore
AST01071,USUALLY-6231,Desktop,Asus,2020,Expired,Noida
AST01072,RESEARCH-3004,Mobile,Asus,2024,Active,Noida
AST01073,NICE-9029,Printer,Lenovo,2024,Expired,Mumbai
AST01074,WEAR-5322,Printer,Acer,2019,Active,Pune
AST01075,WORK-4971,Tablet,Acer,2023,Active,Bangalore
AST01076,PERHAPS-9103,Laptop,HP,2019,Active,Mumbai
AST01077,WAY-7308,Desktop,Apple,2022,Active,Pune
AST01078,WHOSE-9644,Mobile,Lenovo,2020,Expired,Noida
AST01079,PAY-3523,Mobile,Dell,2024,Active,Mumbai
AST01080,GIRL-7317,Server,Asus,2021,Active,Kolkata
AST01081,VARIOUS-2124,Printer,Apple,2020,Active,Delhi
AST01082,LOCAL-2672,Desktop,Apple,2025,Active,Bangalore
AST01083,COACH-1271,Server,HP,2020,Expired,Hyderabad
AST01084,THEM-9698,Server,Lenovo,2022,Expired,Bangalore
AST01085,PHONE-2377,Printer,Apple,2023,Active,Chennai
AST01086,NO-9227,Server,Asus,2022,Expired,Hyderabad
AST01087,RECENT-5466,Printer,Dell,2022,Active,Kolkata
AST01088,OUR-7923,Desktop,Lenovo,2024,Active,Kolkata
AST01089,DINNER-5520,Mobile,Asus,2020,Expired,Kolkata
AST01090,LIST-1817,Tablet,HP,2019,Active,Mumbai
AST01091,LARGE-1870,Laptop,Asus,2019,Expired,Mumbai
AST01092,CONSIDER-9718,Laptop,Lenovo,2019,Active,Kolkata
AST01093,POPULAR-7437,Laptop,HP,2022,Expired,Noida
AST01094,THINK-3802,Desktop,Lenovo,2020,Expired,Delhi
AST01095,STUDY-1050,Laptop,HP,2024,Expired,Delhi
AST01096,LIGHT-4909,Desktop,Lenovo,2025,Active,Chennai
AST01097,FAMILY-6442,Server,HP,2020,Active,Noida
AST01098,FOUR-6473,Laptop,HP,2022,Expired,Bangalore
AST01099,EVER-1159,Mobile,Lenovo,2020,Expired,Hyderabad
AST01100,POLICE-5055,Server,Dell,2022,Active,Hyderabad
AST01101,DIFFICULT-5762,Desktop,Asus,2023,Active,Chennai
AST01102,WITH-2538,Laptop,Lenovo,2025,Expired,Noida
AST01103,SIMILAR-6747,Mobile,Lenovo,2022,Expired,Delhi
AST01104,SUCCESS-8516,Laptop,Lenovo,2021,Expired,Pune
AST01105,SPORT-8935,Laptop,Lenovo,2023,Active,Chennai
AST01106,THING-4608,Tablet,HP,2022,Expired,Noida
AST01107,AGAIN-5003,Mobile,Acer,2019,Expired,Pune
AST01108,DEAL-2462,Desktop,Apple,2020,Active,Delhi
AST01109,INTO-9927,Server,Asus,2024,Active,Delhi
AST01110,FIND-6715,Printer,Apple,2024,Expired,Delhi
AST01111,HOW-4122,Laptop,Asus,2021,Expired,Bangalore
AST01112,SPRING-8455,Mobile,Lenovo,2022,Expired,Bangalore
AST01113,NORTH-9174,Tablet,HP,2019,Expired,Chennai
AST01114,MAKE-5747,Mobile,Asus,2023,Active,Delhi
AST01115,WITHIN-5722,Laptop,Lenovo,2022,Active,Noida
AST01116,BENEFIT-4560,Printer,Asus,2019,Active,Hyderabad
AST01117,TWO-6010,Laptop,Apple,2022,Expired,Hyderabad
AST01118,PARTY-5119,Desktop,Lenovo,2019,Expired,Chennai
AST01119,BUSINESS-5434,Desktop,Acer,2019,Active,Kolkata
AST01120,STYLE-2322,Printer,HP,2023,Active,Noida
AST01121,RUN-5075,Tablet,Acer,2021,Expired,Kolkata
AST01122,CARD-2607,Printer,Lenovo,2022,Expired,Chennai
AST01123,WEAR-8140,Tablet,Lenovo,2023,Active,Mumbai
AST01124,ARM-3223,Server,Asus,2021,Active,Delhi
AST01125,DRUG-2402,Printer,Asus,2021,Expired,Chennai
AST01126,SINCE-8158,Laptop,HP,2022,Expired,Pune
AST01127,SCHOOL-6858,Server,Lenovo,2023,Expired,Noida
AST01128,NONE-7721,Server,Dell,2022,Active,Kolkata
AST01129,TOUGH-3303,Mobile,Lenovo,2019,Active,Pune
AST01130,BUDGET-9900,Mobile,Lenovo,2020,Active,Kolkata
AST01131,OPPORTUNITY-7601,Tablet,Dell,2020,Expired,Noida
AST01132,MEASURE-1890,Laptop,Dell,2025,Expired,Bangalore
AST01133,INDICATE-2595,Printer,Asus,2021,Expired,Pune
AST01134,WHERE-1997,Laptop,Acer,2025,Active,Mumbai
AST01135,RATE-3361,Mobile,Acer,2023,Expired,Chennai
AST01136,PARTNER-3535,Printer,Acer,2020,Expired,Hyderabad
AST01137,SEEM-8945,Mobile,Acer,2025,Active,Bangalore
AST01138,SING-1000,Desktop,Asus,2019,Active,Bangalore
AST01139,TECHNOLOGY-4347,Laptop,Apple,2020,Active,Noida
AST01140,CENTRAL-1911,Laptop,Lenovo,2022,Expired,Noida
AST01141,ARGUE-4849,Mobile,Lenovo,2020,Expired,Bangalore
AST01142,NATIONAL-3396,Tablet,Dell,2022,Active,Chennai
AST01143,COUPLE-4943,Desktop,Asus,2025,Active,Noida
AST01144,NOTHING-5751,Printer,Acer,2022,Active,Noida
AST01145,TYPE-5508,Server,Apple,2021,Active,Noida
AST01146,EACH-7960,Desktop,Dell,2022,Expired,Noida
AST01147,SUCCESSFUL-7380,Laptop,Asus,2019,Expired,Hyderabad
AST01148,CARD-8282,Laptop,Lenovo,2024,Active,Noida
AST01149,EFFECT-8509,Printer,Dell,2024,Active,Pune
AST01150,WHATEVER-9244,Desktop,Lenovo,2023,Expired,Bangalore
AST01151,APPLY-3480,Printer,Acer,2020,Expired,Noida
AST01152,MOVIE-3294,Printer,Acer,2024,Expired,Kolkata
AST01153,TOWARD-8925,Server,Apple,2019,Active,Delhi
AST01154,POLICY-6309,Mobile,Asus,2020,Expired,Kolkata
AST01155,OF-1736,Laptop,Acer,2019,Active,Mumbai
AST01156,USUALLY-2740,Server,Acer,2019,Expired,Pune
AST01157,BACK-4793,Tablet,HP,2025,Active,Chennai
AST01158,EFFORT-7292,Server,Dell,2024,Active,Delhi
AST01159,NOTHING-1613,Tablet,Dell,2019,Expired,Pune
AST01160,OLD-1482,Desktop,Lenovo,2023,Active,Noida
AST01161,BECAUSE-3182,Tablet,Asus,2022,Active,Mumbai
AST01162,GROUP-9046,Server,Acer,2021,Expired,Mumbai
AST01163,NETWORK-3655,Server,Asus,2020,Active,Bangalore
AST01164,NOTE-1397,Tablet,Acer,2023,Active,Mumbai
AST01165,BETTER-3302,Laptop,Lenovo,2019,Expired,Bangalore
AST01166,EVENT-4036,Tablet,Acer,2021,Expired,Mumbai
AST01167,EVERY-4399,Mobile,Apple,2025,Expired,Pune
AST01168,GO-3258,Laptop,Apple,2023,Expired,Kolkata
AST01169,OFTEN-2161,Mobile,Dell,2025,Active,Delhi
AST01170,CENTURY-2932,Server,HP,2019,Active,Pune
AST01171,THEIR-4670,Printer,Lenovo,2019,Expired,Pune
AST01172,COULD-3586,Printer,Dell,2019,Active,Delhi
AST01173,ANOTHER-1928,Mobile,Acer,2022,Active,Noida
AST01174,LATE-1491,Laptop,Lenovo,2021,Expired,Delhi
AST01175,MILITARY-6481,Laptop,HP,2020,Active,Pune
AST01176,TO-2021,Desktop,Apple,2025,Active,Hyderabad
AST01177,THIS-2159,Server,Asus,2021,Active,Noida
AST01178,DESCRIBE-5432,Tablet,Dell,2020,Active,Hyderabad
AST01179,CHALLENGE-9316,Desktop,Acer,2022,Expired,Kolkata
AST01180,SUGGEST-5971,Desktop,Dell,2022,Active,Hyderabad
AST01181,STRATEGY-4214,Mobile,Asus,2025,Expired,Hyderabad
AST01182,DISCUSSION-8899,Laptop,Apple,2023,Expired,Chennai
AST01183,SAY-7993,Mobile,HP,2022,Active,Noida
AST01184,PROVIDE-7024,Printer,HP,2019,Expired,Kolkata
AST01185,BEHIND-4902,Desktop,Dell,2019,Active,Mumbai
AST01186,NATIONAL-9785,Mobile,Dell,2022,Active,Mumbai
AST01187,CHOOSE-1931,Laptop,Dell,2025,Active,Noida
AST01188,PROBABLY-5630,Laptop,Lenovo,2020,Expired,Mumbai
AST01189,LETTER-3125,Mobile,Apple,2021,Expired,Bangalore
AST01190,AWAY-2258,Laptop,Lenovo,2024,Active,Noida
AST01191,KNOWLEDGE-6848,Desktop,Apple,2024,Expired,Pune
AST01192,SET-5795,Tablet,HP,2025,Expired,Pune
AST01193,PROTECT-9870,Mobile,Dell,2024,Active,Pune
AST01194,OFFICE-8966,Printer,Dell,2022,Active,Chennai
AST01195,BE-9535,Desktop,Lenovo,2025,Active,Bangalore
AST01196,SING-3325,Laptop,HP,2021,Expired,Noida
AST01197,SOON-1348,Server,Dell,2019,Expired,Delhi
AST01198,FUND-7294,Printer,Dell,2023,Active,Delhi
AST01199,MAGAZINE-7290,Server,Dell,2025,Expired,Kolkata
AST01200,COMMUNITY-1727,Desktop,HP,2022,Expired,Chennai
AST01201,RESPONSIBILITY-8062,Mobile,Dell,2024,Expired,Hyderabad
AST01202,FACT-6698,Laptop,Asus,2023,Expired,Delhi
AST01203,THROW-4547,Laptop,Lenovo,2025,Expired,Kolkata
AST01204,GREEN-1935,Laptop,Asus,2025,Expired,Delhi
AST01205,ALL-9761,Server,Apple,2025,Expired,Chennai
AST01206,ALONE-8656,Tablet,HP,2022,Active,Hyderabad
AST01207,SOUTHERN-5495,Laptop,HP,2021,Expired,Pune
AST01208,ACTIVITY-7465,Laptop,Asus,2023,Expired,Pune
AST01209,STATE-5104,Tablet,Asus,2021,Active,Bangalore
AST01210,AGREEMENT-6259,Printer,HP,2021,Expired,Noida
AST01211,STAGE-8207,Laptop,Apple,2019,Active,Pune
AST01212,RED-4569,Server,Dell,2022,Active,Delhi
AST01213,ROCK-6145,Laptop,Apple,2023,Active,Delhi
AST01214,AGENT-5524,Printer,Apple,2025,Active,Mumbai
AST01215,TRAVEL-3858,Desktop,Asus,2024,Active,Mumbai
AST01216,TAKE-1630,Desktop,Acer,2019,Expired,Pune
AST01217,SEVERAL-4734,Laptop,Acer,2019,Expired,Delhi
AST01218,ALLOW-6789,Mobile,Acer,2019,Active,Mumbai
AST01219,BECAUSE-2788,Laptop,Asus,2021,Expired,Bangalore
AST01220,FUTURE-2268,Desktop,HP,2023,Expired,Pune
AST01221,COMMUNITY-7815,Laptop,Acer,2025,Expired,Delhi
AST01222,SOMETIMES-1404,Printer,Asus,2020,Expired,Pune
AST01223,SITUATION-7139,Server,Lenovo,2022,Active,Chennai
AST01224,SYSTEM-1730,Printer,HP,2021,Active,Bangalore
AST01225,PUBLIC-4464,Printer,Asus,2023,Expired,Mumbai
AST01226,PAY-1534,Tablet,Acer,2022,Active,Kolkata
AST01227,BEAT-2285,Laptop,HP,2025,Expired,Bangalore
AST01228,BEAUTIFUL-9646,Laptop,Asus,2025,Expired,Noida
AST01229,RISE-5410,Desktop,Asus,2021,Expired,Mumbai
AST01230,CUSTOMER-4982,Printer,HP,2021,Expired,Pune
AST01231,MEDICAL-2890,Tablet,HP,2024,Expired,Kolkata
AST01232,SUPPORT-2305,Printer,Asus,2021,Active,Pune
AST01233,BILLION-8932,Mobile,HP,2024,Expired,Kolkata
AST01234,LEG-3052,Mobile,HP,2020,Expired,Chennai
AST01235,STEP-5264,Printer,Lenovo,2023,Expired,Bangalore
AST01236,WALL-7692,Server,Asus,2019,Active,Noida
AST01237,NOTHING-4245,Desktop,Apple,2024,Active,Chennai
AST01238,RAISE-7858,Printer,Asus,2019,Expired,Bangalore
AST01239,HOT-1558,Server,Dell,2020,Active,Bangalore
AST01240,ART-9436,Mobile,Apple,2020,Expired,Pune
AST01241,STORE-7591,Tablet,Asus,2020,Active,Delhi
AST01242,PROFESSOR-6518,Printer,Asus,2019,Active,Hyderabad
AST01243,SMILE-6815,Server,Apple,2019,Expired,Kolkata
AST01244,POINT-8816,Tablet,HP,2021,Active,Bangalore
AST01245,AGREE-1127,Mobile,Asus,2020,Expired,Noida
AST01246,SERVE-6250,Server,HP,2022,Expired,Bangalore
AST01247,CITIZEN-5871,Server,Lenovo,2020,Active,Kolkata
AST01248,HEAD-6288,Server,Lenovo,2021,Active,Chennai
AST01249,FORM-4451,Server,Asus,2019,Expired,Pune
AST01250,HUNDRED-6690,Printer,HP,2019,Active,Delhi
AST01251,REMEMBER-8973,Server,HP,2021,Active,Delhi
AST01252,BUILDING-2738,Desktop,Acer,2021,Expired,Chennai
AST01253,STUDY-4388,Mobile,Asus,2019,Active,Hyderabad
AST01254,WHO-1651,Mobile,Asus,2023,Active,Hyderabad
AST01255,MOTHER-1422,Printer,HP,2022,Expired,Kolkata
AST01256,RACE-8288,Mobile,HP,2024,Expired,Delhi
AST01257,FIGURE-2965,Server,Apple,2019,Expired,Delhi
AST01258,SOLDIER-3241,Printer,Acer,2019,Active,Pune
AST01259,FINAL-2295,Tablet,HP,2025,Active,Pune
AST01260,EVERY-9307,Printer,Lenovo,2020,Expired,Bangalore
AST01261,COLLECTION-6157,Laptop,Apple,2024,Active,Pune
AST01262,BED-1583,Tablet,Acer,2020,Active,Mumbai
AST01263,OFFER-7163,Desktop,Acer,2020,Active,Delhi
AST01264,TAX-3481,Server,HP,2022,Expired,Delhi
AST01265,CHOOSE-4253,Tablet,Dell,2020,Active,Hyderabad
AST01266,PLAN-2102,Server,Asus,2022,Active,Chennai
AST01267,RELATE-7851,Tablet,Lenovo,2019,Expired,Mumbai
AST01268,PART-6713,Server,Asus,2024,Active,Delhi
AST01269,NOTICE-4799,Printer,Acer,2025,Expired,Noida
AST01270,ME-7425,Mobile,Lenovo,2025,Expired,Delhi
AST01271,FIELD-4586,Laptop,Lenovo,2019,Expired,Noida
AST01272,MILITARY-5053,Tablet,Apple,2021,Active,Chennai
AST01273,NEARLY-6224,Tablet,Dell,2022,Expired,Kolkata
AST01274,WHETHER-3098,Server,Apple,2024,Expired,Mumbai
AST01275,SPECIAL-5766,Printer,Asus,2019,Active,Kolkata
AST01276,BALL-6295,Printer,Acer,2019,Expired,Kolkata
AST01277,CITY-8240,Server,Apple,2022,Expired,Hyderabad
AST01278,CONTINUE-8954,Tablet,HP,2021,Expired,Hyderabad
AST01279,THANK-8334,Server,HP,2021,Active,Mumbai
AST01280,SOURCE-2807,Mobile,Asus,2025,Expired,Chennai
AST01281,FIGHT-9843,Laptop,Acer,2023,Active,Kolkata
AST01282,MORE-6460,Printer,Asus,2019,Active,Hyderabad
AST01283,PRETTY-4448,Printer,Asus,2023,Active,Chennai
AST01284,STORY-9776,Server,Acer,2025,Active,Delhi
AST01285,AND-3644,Printer,Lenovo,2025,Expired,Mumbai
AST01286,FORMER-5074,Laptop,Dell,2023,Active,Bangalore
AST01287,HUNDRED-7519,Server,Dell,2023,Active,Delhi
AST01288,MANAGER-1397,Desktop,Acer,2021,Active,Hyderabad
AST01289,AMOUNT-3025,Server,Acer,2021,Expired,Chennai
AST01290,MOVEMENT-5423,Laptop,Dell,2025,Active,Kolkata
AST01291,LEARN-1241,Tablet,Asus,2019,Active,Bangalore
AST01292,MANAGE-7408,Desktop,Asus,2024,Expired,Pune
AST01293,AGREE-9394,Tablet,Dell,2022,Expired,Delhi
AST01294,ANOTHER-4320,Laptop,Lenovo,2022,Expired,Kolkata
AST01295,PLACE-8037,Laptop,HP,2021,Expired,Delhi
AST01296,APPEAR-5659,Tablet,Asus,2022,Active,Kolkata
AST01297,ABLE-9143,Tablet,Apple,2019,Expired,Bangalore
AST01298,RECENTLY-4671,Mobile,Dell,2022,Expired,Mumbai
AST01299,EVERY-7059,Server,Asus,2022,Active,Delhi
AST01300,VARIOUS-3355,Tablet,Dell,2021,Active,Chennai
AST01301,ELSE-9025,Mobile,HP,2020,Active,Chennai
AST01302,HUGE-8758,Mobile,Acer,2022,Active,Hyderabad
AST01303,HAIR-9084,Printer,Apple,2025,Expired,Pune
AST01304,PROVIDE-3467,Laptop,Lenovo,2025,Expired,Hyderabad
AST01305,GROWTH-4427,Mobile,Apple,2021,Expired,Pune
AST01306,BEHAVIOR-4862,Printer,Apple,2024,Expired,Bangalore
AST01307,HIGH-7974,Tablet,Dell,2019,Expired,Chennai
AST01308,SHAKE-1223,Desktop,Asus,2025,Active,Chennai
AST01309,NAME-8169,Laptop,Dell,2020,Expired,Noida
AST01310,FACE-9594,Server,HP,2020,Expired,Kolkata
AST01311,NEXT-5861,Laptop,Apple,2019,Expired,Delhi
AST01312,CITIZEN-6281,Mobile,Lenovo,2023,Active,Chennai
AST01313,INTERVIEW-9572,Tablet,HP,2021,Expired,Delhi
AST01314,HUGE-8583,Desktop,Lenovo,2022,Active,Chennai
AST01315,ORDER-8763,Laptop,Lenovo,2023,Expired,Chennai
AST01316,CAN-8708,Laptop,Dell,2020,Expired,Mumbai
AST01317,EAT-2537,Mobile,Apple,2020,Expired,Bangalore
AST01318,ITSELF-8679,Mobile,HP,2019,Active,Pune
AST01319,CHURCH-4703,Printer,Acer,2024,Active,Mumbai
AST01320,SUBJECT-5656,Server,Asus,2021,Expired,Pune
AST01321,EXIST-7607,Printer,Asus,2023,Active,Bangalore
AST01322,MUCH-3497,Laptop,Acer,2023,Active,Delhi
AST01323,DRIVE-5307,Mobile,Dell,2020,Active,Kolkata
AST01324,FUND-5542,Tablet,Asus,2021,Expired,Mumbai
AST01325,HOPE-1043,Desktop,HP,2020,Active,Chennai
AST01326,RECENTLY-3700,Server,Dell,2020,Expired,Bangalore
AST01327,APPEAR-3244,Mobile,Apple,2019,Expired,Noida
AST01328,HISTORY-5957,Mobile,Dell,2021,Active,Kolkata
AST01329,FORCE-7316,Tablet,Apple,2022,Expired,Delhi
AST01330,TERM-9552,Printer,Asus,2025,Active,Mumbai
AST01331,CONFERENCE-5550,Tablet,HP,2020,Expired,Noida
AST01332,STILL-5104,Tablet,Dell,2022,Expired,Pune
AST01333,PART-1414,Printer,Apple,2020,Expired,Kolkata
AST01334,HOW-4129,Server,Lenovo,2020,Active,Hyderabad
AST01335,SHOW-8243,Printer,Asus,2020,Active,Hyderabad
AST01336,ANALYSIS-6085,Printer,Dell,2023,Expired,Delhi
AST01337,OLD-1212,Mobile,Lenovo,2023,Active,Delhi
AST01338,SEND-8843,Server,Dell,2024,Expired,Delhi
AST01339,AMONG-1937,Mobile,Dell,2024,Expired,Noida
AST01340,PROCESS-3847,Server,Acer,2022,Active,Hyderabad
AST01341,MANY-1472,Mobile,Acer,2021,Active,Chennai
AST01342,ARGUE-3156,Laptop,Apple,2025,Active,Hyderabad
AST01343,INVESTMENT-2021,Printer,Dell,2022,Expired,Mumbai
AST01344,DESPITE-1273,Printer,Acer,2024,Expired,Chennai
AST01345,EFFECT-7000,Mobile,Dell,2023,Expired,Kolkata
AST01346,ITEM-2007,Laptop,HP,2025,Active,Delhi
AST01347,PLAY-3827,Server,Dell,2019,Expired,Mumbai
AST01348,TOTAL-9281,Server,HP,2024,Active,Delhi
AST01349,POSITIVE-6745,Laptop,Lenovo,2021,Expired,Bangalore
AST01350,OPEN-8585,Laptop,Dell,2023,Active,Chennai
AST01351,MAGAZINE-2415,Desktop,Lenovo,2024,Active,Chennai
AST01352,PREPARE-1171,Desktop,Acer,2025,Expired,Noida
AST01353,HEAR-5042,Printer,Acer,2019,Active,Chennai
AST01354,STOP-1873,Server,Acer,2021,Expired,Chennai
AST01355,ADULT-3300,Mobile,Lenovo,2021,Expired,Mumbai
AST01356,SPORT-4084,Printer,HP,2025,Active,Delhi
AST01357,PROBABLY-8202,Printer,Dell,2021,Expired,Pune
AST01358,START-6957,Printer,Acer,2023,Expired,Chennai
AST01359,PROVIDE-7318,Desktop,Asus,2019,Active,Kolkata
AST01360,WRONG-5729,Desktop,Lenovo,2021,Expired,Bangalore
AST01361,TOTAL-4452,Printer,HP,2023,Expired,Delhi
AST01362,WINDOW-2889,Mobile,Acer,2019,Active,Noida
AST01363,NEVER-8655,Mobile,Lenovo,2020,Expired,Kolkata
AST01364,CRIME-1554,Printer,Acer,2024,Active,Pune
AST01365,CAR-1129,Desktop,Apple,2025,Expired,Pune
AST01366,ATTENTION-2641,Desktop,Lenovo,2021,Expired,Chennai
AST01367,ASK-9958,Desktop,Dell,2022,Expired,Noida
AST01368,EXECUTIVE-8126,Tablet,Apple,2023,Expired,Mumbai
AST01369,SUFFER-7114,Mobile,Lenovo,2021,Expired,Kolkata
AST01370,ANYONE-1657,Desktop,Asus,2021,Active,Kolkata
AST01371,WITHOUT-5413,Mobile,Apple,2022,Active,Chennai
AST01372,CAN-3726,Printer,Asus,2023,Active,Chennai
AST01373,TREE-6458,Laptop,Dell,2020,Expired,Chennai
AST01374,INCLUDING-6670,Server,Apple,2025,Active,Noida
AST01375,ENTIRE-3416,Desktop,HP,2019,Expired,Delhi
AST01376,THEY-4024,Desktop,HP,2019,Expired,Bangalore
AST01377,NEWSPAPER-5009,Desktop,Acer,2024,Expired,Hyderabad
AST01378,CAPITAL-3610,Printer,Dell,2022,Expired,Kolkata
AST01379,VOICE-4481,Server,Acer,2024,Expired,Noida
AST01380,ONLY-4977,Laptop,Apple,2024,Active,Pune
AST01381,WHOLE-3187,Server,Lenovo,2025,Expired,Kolkata
AST01382,NEWSPAPER-7452,Mobile,Dell,2023,Expired,Noida
AST01383,SINGLE-1440,Desktop,Asus,2024,Active,Mumbai
AST01384,ACCEPT-6935,Printer,Asus,2021,Active,Kolkata
AST01385,EVERY-4769,Desktop,Apple,2019,Active,Hyderabad
AST01386,PROCESS-5946,Server,Dell,2020,Expired,Kolkata
AST01387,SIGNIFICANT-3947,Server,HP,2024,Expired,Delhi
AST01388,EVENING-8875,Laptop,Lenovo,2022,Expired,Chennai
AST01389,TOUGH-7524,Tablet,Asus,2020,Active,Noida
AST01390,QUICKLY-2353,Printer,Acer,2025,Active,Kolkata
AST01391,COST-1200,Desktop,Lenovo,2025,Active,Kolkata
AST01392,OFFICER-8449,Laptop,Apple,2024,Expired,Kolkata
AST01393,MATTER-1893,Printer,Apple,2025,Expired,Bangalore
AST01394,MOMENT-8377,Mobile,Lenovo,2023,Expired,Pune
AST01395,UP-9765,Printer,Dell,2025,Active,Kolkata
AST01396,WORD-7282,Tablet,Dell,2023,Active,Hyderabad
AST01397,ENERGY-5224,Desktop,Asus,2021,Expired,Kolkata
AST01398,NAME-8614,Printer,Dell,2019,Active,Noida
AST01399,DAUGHTER-7014,Laptop,Asus,2022,Expired,Delhi
AST01400,HUMAN-6528,Tablet,Lenovo,2022,Active,Delhi
AST01401,SERIOUS-5804,Printer,Apple,2020,Active,Noida
AST01402,SOUTH-5877,Tablet,Dell,2021,Active,Pune
AST01403,CUP-1599,Mobile,Acer,2024,Expired,Mumbai
AST01404,NEWSPAPER-2377,Mobile,Dell,2020,Active,Chennai
AST01405,RAISE-9084,Server,Lenovo,2024,Expired,Noida
AST01406,ATTACK-4999,Tablet,Asus,2024,Expired,Hyderabad
AST01407,INSTEAD-6350,Printer,Dell,2019,Active,Bangalore
AST01408,EXECUTIVE-9398,Tablet,Dell,2022,Expired,Delhi
AST01409,EIGHT-7565,Laptop,HP,2022,Expired,Bangalore
AST01410,CLEAR-8101,Laptop,HP,2025,Expired,Delhi
AST01411,REPORT-9422,Mobile,HP,2023,Active,Pune
AST01412,ATTORNEY-8748,Desktop,Apple,2023,Expired,Chennai
AST01413,CHANCE-9217,Tablet,Dell,2021,Expired,Chennai
AST01414,SAME-5668,Printer,Dell,2024,Expired,Mumbai
AST01415,INSTEAD-7788,Tablet,HP,2019,Expired,Delhi
AST01416,PRESENT-6212,Laptop,HP,2022,Active,Hyderabad
AST01417,RESOURCE-6318,Desktop,Dell,2024,Expired,Noida
AST01418,FIND-7893,Tablet,Asus,2023,Expired,Kolkata
AST01419,SHE-1205,Printer,Lenovo,2022,Expired,Pune
AST01420,CONFERENCE-8280,Desktop,Apple,2025,Expired,Mumbai
AST01421,NEARLY-3785,Tablet,Apple,2023,Expired,Kolkata
AST01422,OWNER-2287,Tablet,Apple,2019,Expired,Bangalore
AST01423,QUITE-9676,Printer,Lenovo,2020,Expired,Pune
AST01424,RELATIONSHIP-8657,Laptop,HP,2022,Active,Pune
AST01425,REFLECT-8070,Server,Dell,2023,Expired,Noida
AST01426,SIDE-7148,Mobile,HP,2020,Expired,Bangalore
AST01427,FOOD-7483,Desktop,HP,2019,Active,Delhi
AST01428,INVOLVE-3606,Tablet,Apple,2020,Expired,Pune
AST01429,FINISH-4567,Server,Asus,2025,Expired,Pune
AST01430,COLD-6950,Tablet,Dell,2025,Expired,Kolkata
AST01431,AGAINST-7618,Server,Apple,2020,Expired,Noida
AST01432,EIGHT-3910,Server,Lenovo,2020,Active,Pune
AST01433,UNTIL-8602,Tablet,HP,2025,Active,Kolkata
AST01434,KIND-7850,Server,Apple,2023,Active,Hyderabad
AST01435,SOMETHING-4673,Desktop,Asus,2023,Active,Kolkata
AST01436,SERIES-6325,Mobile,HP,2019,Active,Noida
AST01437,CASE-2490,Printer,Dell,2024,Expired,Mumbai
AST01438,HOME-3644,Server,Lenovo,2025,Active,Chennai
AST01439,SEVEN-4273,Printer,HP,2022,Expired,Bangalore
AST01440,SHARE-4391,Mobile,Apple,2019,Expired,Mumbai
AST01441,THROUGH-8268,Desktop,HP,2024,Expired,Bangalore
AST01442,NEWSPAPER-6427,Desktop,HP,2025,Expired,Bangalore
AST01443,LAWYER-1529,Tablet,Acer,2019,Expired,Noida
AST01444,DIFFICULT-7313,Laptop,Apple,2025,Expired,Bangalore
AST01445,BODY-9751,Tablet,Dell,2024,Expired,Noida
AST01446,FORCE-1979,Printer,Apple,2025,Active,Pune
AST01447,STAR-9381,Tablet,Acer,2022,Expired,Kolkata
AST01448,ENTER-3032,Laptop,HP,2025,Expired,Bangalore
AST01449,BEAUTIFUL-3768,Printer,Apple,2024,Expired,Chennai
AST01450,MAINTAIN-8906,Desktop,Lenovo,2020,Active,Pune
AST01451,TV-2213,Server,Acer,2024,Expired,Mumbai
AST01452,AMOUNT-5259,Printer,Lenovo,2025,Expired,Pune
AST01453,TERM-8378,Tablet,Lenovo,2025,Expired,Hyderabad
AST01454,IN-3294,Desktop,Asus,2025,Expired,Hyderabad
AST01455,FILM-7076,Mobile,Lenovo,2020,Expired,Delhi
AST01456,YOUNG-3593,Mobile,Acer,2024,Expired,Noida
AST01457,PROGRAM-8206,Tablet,Lenovo,2024,Active,Chennai
AST01458,IN-5789,Server,Lenovo,2020,Active,Hyderabad
AST01459,CLOSE-4467,Mobile,Lenovo,2025,Active,Hyderabad
AST01460,HEAR-6966,Tablet,Asus,2021,Expired,Noida
AST01461,YOUNG-3791,Printer,Acer,2023,Active,Pune
AST01462,SOCIAL-7133,Server,Apple,2023,Active,Noida
AST01463,HOUR-8929,Server,Dell,2020,Active,Pune
AST01464,SOMETIMES-6067,Desktop,HP,2020,Active,Delhi
AST01465,FILL-2959,Tablet,HP,2023,Expired,Noida
AST01466,TRIAL-1199,Tablet,Asus,2022,Active,Mumbai
AST01467,TV-1538,Server,Acer,2021,Active,Pune
AST01468,AND-2100,Printer,Asus,2023,Active,Hyderabad
AST01469,CULTURE-9567,Desktop,HP,2022,Expired,Chennai
AST01470,INTERESTING-5015,Desktop,Acer,2024,Expired,Chennai
AST01471,STORY-5354,Mobile,Lenovo,2019,Active,Mumbai
AST01472,DROP-2043,Desktop,Asus,2024,Expired,Hyderabad
AST01473,SET-4728,Desktop,Asus,2020,Expired,Noida
AST01474,REPUBLICAN-9797,Laptop,Lenovo,2019,Active,Mumbai
AST01475,HOME-2907,Server,Dell,2022,Expired,Mumbai
AST01476,GROW-9886,Mobile,HP,2019,Expired,Delhi
AST01477,OF-1157,Mobile,Apple,2023,Active,Noida
AST01478,RESULT-4191,Mobile,Acer,2025,Expired,Hyderabad
AST01479,CULTURE-7671,Mobile,Lenovo,2021,Expired,Chennai
AST01480,FINALLY-9311,Server,Asus,2021,Expired,Delhi
AST01481,DARK-9719,Desktop,Lenovo,2021,Expired,Delhi
AST01482,TREE-8209,Laptop,HP,2024,Expired,Hyderabad
AST01483,WHICH-9348,Server,Apple,2021,Active,Chennai
AST01484,SHOULDER-8078,Tablet,Lenovo,2019,Active,Noida
AST01485,AGENCY-9824,Desktop,HP,2021,Active,Mumbai
AST01486,RELATE-6033,Mobile,Lenovo,2020,Expired,Noida
AST01487,BECOME-5916,Mobile,HP,2019,Active,Pune
AST01488,MANY-4144,Server,HP,2020,Active,Chennai
AST01489,HUGE-9461,Server,Acer,2021,Expired,Delhi
AST01490,FOOT-5306,Server,Lenovo,2020,Expired,Chennai
AST01491,ITS-6467,Tablet,Lenovo,2021,Expired,Noida
AST01492,STRUCTURE-7968,Mobile,Apple,2021,Expired,Hyderabad
AST01493,FAR-7620,Laptop,Apple,2025,Expired,Chennai
AST01494,TRAVEL-5492,Laptop,Acer,2022,Active,Mumbai
AST01495,FILL-5193,Printer,Lenovo,2024,Active,Pune
AST01496,MUST-7265,Printer,Asus,2022,Active,Mumbai
AST01497,PARENT-9240,Server,Lenovo,2023,Active,Bangalore
AST01498,TEACHER-3628,Printer,Acer,2020,Expired,Noida
AST01499,NICE-7390,Tablet,Acer,2019,Expired,Mumbai
AST01500,MOUTH-7144,Laptop,Dell,2021,Active,Pune
AST01501,WHOM-9812,Printer,Apple,2021,Expired,Bangalore
AST01502,WHY-3200,Tablet,Dell,2022,Expired,Kolkata
AST01503,AGENCY-3486,Desktop,Asus,2025,Expired,Mumbai
AST01504,SPORT-2441,Server,HP,2023,Expired,Delhi
AST01505,DRAW-9700,Printer,Acer,2023,Active,Chennai
AST01506,SIDE-2114,Tablet,Acer,2025,Expired,Pune
AST01507,BOY-8304,Tablet,HP,2025,Active,Pune
AST01508,HOME-4730,Server,Lenovo,2022,Expired,Mumbai
AST01509,EFFORT-5243,Printer,Asus,2024,Active,Chennai
AST01510,ONLY-7730,Server,Apple,2019,Expired,Hyderabad
AST01511,SAVE-9657,Laptop,Asus,2025,Expired,Hyderabad
AST01512,MONTH-8163,Laptop,Asus,2023,Expired,Noida
AST01513,NATURAL-6468,Tablet,Dell,2021,Active,Bangalore
AST01514,COULD-2840,Mobile,HP,2023,Active,Noida
AST01515,THEN-4127,Laptop,Acer,2023,Expired,Delhi
AST01516,FACT-8393,Tablet,HP,2022,Expired,Bangalore
AST01517,GLASS-6567,Server,Asus,2020,Expired,Hyderabad
AST01518,SHARE-5813,Laptop,Asus,2022,Expired,Hyderabad
AST01519,CENTER-4690,Printer,Apple,2019,Active,Delhi
AST01520,MAKE-4651,Mobile,Acer,2025,Expired,Noida
AST01521,POOR-4282,Mobile,Lenovo,2024,Active,Mumbai
AST01522,THEORY-3429,Desktop,Lenovo,2025,Active,Bangalore
AST01523,SAME-9739,Mobile,Dell,2019,Active,Pune
AST01524,ASSUME-6365,Printer,HP,2019,Active,Mumbai
AST01525,REPORT-3675,Server,Lenovo,2021,Active,Mumbai
AST01526,RISE-6821,Laptop,HP,2025,Expired,Bangalore
AST01527,GROW-7145,Laptop,Apple,2025,Active,Kolkata
AST01528,ALWAYS-8320,Server,Apple,2019,Active,Mumbai
AST01529,FIGURE-7234,Mobile,Dell,2025,Active,Chennai
AST01530,RIGHT-9462,Laptop,HP,2023,Active,Bangalore
AST01531,PURPOSE-6871,Tablet,Lenovo,2022,Expired,Mumbai
AST01532,ART-2487,Mobile,Lenovo,2020,Expired,Delhi
AST01533,TONIGHT-2834,Server,Dell,2023,Active,Kolkata
AST01534,FILM-7881,Server,Dell,2025,Expired,Pune
AST01535,EDGE-2069,Server,Acer,2021,Expired,Mumbai
AST01536,DEMOCRATIC-2383,Tablet,Acer,2024,Expired,Noida
AST01537,WHOM-5500,Tablet,Acer,2019,Expired,Hyderabad
AST01538,DIRECTION-5079,Desktop,Asus,2020,Active,Chennai
AST01539,DETAIL-3551,Desktop,Acer,2023,Expired,Hyderabad
AST01540,SOUTHERN-4437,Tablet,Acer,2019,Expired,Pune
AST01541,THAN-7797,Desktop,Apple,2023,Active,Chennai
AST01542,HEAR-3480,Tablet,Acer,2023,Active,Pune
AST01543,DAUGHTER-3660,Laptop,Apple,2019,Active,Delhi
AST01544,THEM-7114,Printer,Asus,2022,Expired,Hyderabad
AST01545,NEVER-1423,Printer,Dell,2025,Expired,Hyderabad
AST01546,EVEN-3364,Server,Dell,2024,Expired,Chennai
AST01547,PEOPLE-2640,Laptop,Lenovo,2020,Active,Bangalore
AST01548,FORWARD-2086,Laptop,Apple,2022,Expired,Kolkata
AST01549,USE-9793,Server,HP,2025,Active,Delhi
AST01550,SECTION-8692,Printer,HP,2022,Expired,Pune
AST01551,CAN-2579,Server,Apple,2023,Active,Chennai
AST01552,INDICATE-9433,Desktop,HP,2020,Active,Bangalore
AST01553,SHOULD-2553,Tablet,Apple,2024,Expired,Bangalore
AST01554,DOCTOR-4706,Printer,HP,2020,Expired,Pune
AST01555,SURFACE-8571,Tablet,Asus,2024,Expired,Chennai
AST01556,CHANCE-7914,Printer,Acer,2021,Active,Hyderabad
AST01557,SURE-7308,Tablet,Dell,2024,Active,Chennai
AST01558,BLUE-3342,Tablet,Dell,2019,Active,Chennai
AST01559,BELIEVE-6284,Laptop,Asus,2022,Expired,Noida
AST01560,BETWEEN-6634,Desktop,Acer,2025,Expired,Noida
AST01561,SEEK-8425,Mobile,Lenovo,2020,Expired,Bangalore
AST01562,PLAN-5576,Tablet,Asus,2024,Expired,Pune
AST01563,LOOK-5182,Printer,Apple,2020,Expired,Bangalore
AST01564,NEVER-6609,Mobile,Lenovo,2024,Active,Pune
AST01565,MAN-1416,Mobile,HP,2022,Active,Mumbai
AST01566,SET-2820,Laptop,Asus,2022,Expired,Chennai
AST01567,UNIT-6695,Printer,Apple,2025,Expired,Bangalore
AST01568,STORE-9269,Desktop,Apple,2025,Active,Chennai
AST01569,CANDIDATE-4634,Laptop,HP,2025,Expired,Chennai
AST01570,OFF-9692,Mobile,Dell,2023,Expired,Mumbai
AST01571,ANYTHING-9697,Desktop,Lenovo,2024,Active,Bangalore
AST01572,POLICY-3713,Tablet,Acer,2024,Active,Chennai
AST01573,DECIDE-7947,Desktop,Lenovo,2023,Active,Kolkata
AST01574,EFFECT-7386,Mobile,Apple,2021,Expired,Noida
AST01575,PERSONAL-3230,Tablet,Lenovo,2021,Active,Bangalore
AST01576,BENEFIT-6105,Desktop,Acer,2021,Active,Hyderabad
AST01577,PROGRAM-7723,Desktop,HP,2025,Expired,Chennai
AST01578,RESPOND-4972,Server,HP,2025,Expired,Kolkata
AST01579,DECADE-4168,Desktop,Lenovo,2023,Active,Mumbai
AST01580,MIND-3300,Server,Dell,2021,Active,Mumbai
AST01581,DIRECTION-3333,Tablet,Lenovo,2022,Expired,Hyderabad
AST01582,CENTER-2921,Mobile,Lenovo,2024,Active,Noida
AST01583,INTERVIEW-8180,Printer,Dell,2020,Expired,Chennai
AST01584,QUICKLY-6593,Printer,Dell,2019,Expired,Delhi
AST01585,FUTURE-8643,Server,Asus,2019,Active,Noida
AST01586,DRAW-5769,Desktop,Asus,2025,Active,Bangalore
AST01587,AMONG-6940,Desktop,Acer,2024,Expired,Kolkata
AST01588,US-1928,Tablet,Dell,2022,Expired,Delhi
AST01589,INVESTMENT-9320,Printer,Apple,2021,Expired,Pune
AST01590,TOP-1211,Laptop,Acer,2019,Expired,Mumbai
AST01591,ALREADY-9109,Desktop,Asus,2023,Expired,Delhi
AST01592,SEVERAL-8993,Mobile,Asus,2019,Expired,Kolkata
AST01593,BALL-2766,Mobile,Acer,2019,Active,Bangalore
AST01594,BECAUSE-4909,Printer,Asus,2019,Expired,Kolkata
AST01595,WHY-1653,Printer,Acer,2024,Expired,Noida
AST01596,SOCIAL-9564,Laptop,Apple,2023,Expired,Hyderabad
AST01597,POPULATION-3961,Laptop,Acer,2020,Expired,Bangalore
AST01598,SORT-7752,Laptop,Acer,2021,Expired,Delhi
AST01599,MOUTH-6636,Printer,HP,2021,Expired,Noida
AST01600,MODEL-1783,Printer,Apple,2025,Expired,Chennai
AST01601,SON-9966,Tablet,Lenovo,2020,Expired,Pune
AST01602,GENERATION-3818,Server,Dell,2025,Expired,Pune
AST01603,IMPROVE-9818,Tablet,HP,2023,Expired,Delhi
AST01604,BEYOND-2481,Tablet,Apple,2019,Expired,Noida
AST01605,MAIN-4050,Server,HP,2024,Expired,Noida
AST01606,MONTH-6521,Server,Lenovo,2021,Active,Chennai
AST01607,TOWARD-1260,Laptop,HP,2021,Expired,Delhi
AST01608,INVESTMENT-9818,Desktop,Apple,2025,Active,Mumbai
AST01609,START-2483,Tablet,Asus,2019,Expired,Delhi
AST01610,OLD-6573,Mobile,Lenovo,2020,Expired,Chennai
AST01611,SERVICE-2697,Tablet,Lenovo,2022,Active,Pune
AST01612,TREAT-8250,Laptop,HP,2020,Active,Delhi
AST01613,NETWORK-9101,Desktop,Acer,2019,Active,Mumbai
AST01614,WAIT-8214,Tablet,HP,2020,Active,Hyderabad
AST01615,ACROSS-4992,Laptop,Asus,2021,Expired,Noida
AST01616,ACTION-4149,Server,HP,2022,Expired,Kolkata
AST01617,WHICH-5284,Tablet,Lenovo,2024,Expired,Kolkata
AST01618,CRIME-6972,Desktop,Lenovo,2021,Expired,Bangalore
AST01619,DETAIL-3203,Printer,Acer,2024,Active,Chennai
AST01620,TEND-9314,Tablet,Apple,2019,Expired,Bangalore
AST01621,AGREEMENT-4732,Tablet,Lenovo,2025,Active,Noida
AST01622,TALK-1871,Server,Asus,2021,Expired,Noida
AST01623,ALL-8146,Laptop,HP,2023,Active,Noida
AST01624,PEACE-1942,Printer,Apple,2023,Active,Bangalore
AST01625,BOTH-6806,Laptop,Acer,2024,Expired,Delhi
AST01626,GOOD-1451,Tablet,Asus,2024,Expired,Kolkata
AST01627,START-3184,Server,HP,2024,Expired,Delhi
AST01628,JOIN-5991,Printer,HP,2023,Expired,Chennai
AST01629,BROTHER-9841,Tablet,Asus,2025,Expired,Hyderabad
AST01630,OFTEN-1867,Tablet,Lenovo,2023,Active,Bangalore
AST01631,CARE-2042,Mobile,Apple,2023,Active,Mumbai
AST01632,THIRD-3938,Desktop,Dell,2020,Expired,Bangalore
AST01633,PICTURE-2459,Laptop,Apple,2021,Expired,Kolkata
AST01634,NEED-8772,Desktop,Lenovo,2022,Active,Bangalore
AST01635,WINDOW-6818,Desktop,Acer,2021,Expired,Delhi
AST01636,ADD-2486,Desktop,Lenovo,2022,Expired,Mumbai
AST01637,ELECTION-6754,Tablet,Acer,2020,Active,Pune
AST01638,RISE-2540,Mobile,Lenovo,2022,Active,Hyderabad
AST01639,HUGE-1969,Tablet,Lenovo,2023,Active,Chennai
AST01640,GOAL-9669,Laptop,Dell,2019,Expired,Kolkata
AST01641,MARRIAGE-1453,Mobile,Asus,2021,Expired,Bangalore
AST01642,PUBLIC-4088,Tablet,Asus,2020,Expired,Chennai
AST01643,SCIENTIST-4577,Printer,Dell,2023,Active,Pune
AST01644,MODERN-3898,Server,Acer,2023,Active,Chennai
AST01645,EVERYTHING-8292,Laptop,Asus,2025,Active,Bangalore
AST01646,SHOULDER-6106,Printer,Dell,2025,Expired,Chennai
AST01647,FEDERAL-9494,Desktop,Dell,2023,Expired,Mumbai
AST01648,TEST-3543,Mobile,Lenovo,2023,Expired,Kolkata
AST01649,PICK-8338,Laptop,Acer,2025,Active,Pune
AST01650,CALL-6991,Desktop,HP,2020,Expired,Mumbai
AST01651,SHARE-7623,Laptop,Lenovo,2025,Active,Noida
AST01652,WHATEVER-2618,Mobile,Dell,2025,Expired,Kolkata
AST01653,JUST-9951,Tablet,HP,2025,Expired,Pune
AST01654,WHOM-8338,Desktop,Lenovo,2020,Expired,Kolkata
AST01655,ABOUT-7177,Laptop,Apple,2022,Active,Noida
AST01656,US-6267,Mobile,Apple,2019,Expired,Delhi
AST01657,PRESSURE-5705,Tablet,Acer,2022,Active,Hyderabad
AST01658,RESPONSE-2461,Printer,Asus,2020,Active,Pune
AST01659,DIFFERENT-1785,Mobile,Dell,2024,Active,Delhi
AST01660,INCLUDING-4084,Printer,Asus,2022,Active,Kolkata
AST01661,HOLD-9329,Mobile,HP,2024,Expired,Hyderabad
AST01662,POOR-2616,Server,HP,2020,Active,Pune
AST01663,STRUCTURE-4335,Server,HP,2019,Active,Hyderabad
AST01664,HALF-4375,Tablet,Dell,2022,Expired,Hyderabad
AST01665,CENTER-6419,Desktop,Apple,2020,Active,Pune
AST01666,VARIOUS-7585,Laptop,HP,2025,Active,Mumbai
AST01667,ARTICLE-5230,Server,Acer,2023,Expired,Mumbai
AST01668,BALL-5466,Server,Acer,2024,Active,Kolkata
AST01669,FOREIGN-7777,Server,Lenovo,2025,Active,Noida
AST01670,PM-1170,Tablet,Acer,2021,Expired,Hyderabad
AST01671,AVOID-8358,Desktop,Acer,2024,Active,Bangalore
AST01672,SYSTEM-2874,Laptop,HP,2024,Expired,Bangalore
AST01673,CANDIDATE-9797,Printer,HP,2020,Expired,Kolkata
AST01674,TRUTH-9786,Printer,Lenovo,2021,Expired,Bangalore
AST01675,NEVER-2956,Server,HP,2025,Active,Noida
AST01676,PURPOSE-3082,Mobile,Dell,2020,Expired,Noida
AST01677,SPORT-2825,Desktop,Dell,2019,Expired,Chennai
AST01678,PAPER-2104,Desktop,Apple,2019,Expired,Noida
AST01679,FEW-3338,Server,Asus,2024,Active,Mumbai
AST01680,BOY-4447,Tablet,Lenovo,2025,Active,Hyderabad
AST01681,NOTICE-6592,Printer,HP,2020,Expired,Noida
AST01682,FINAL-1924,Server,Apple,2020,Active,Delhi
AST01683,DRAW-2042,Desktop,HP,2023,Active,Pune
AST01684,DURING-8190,Laptop,Apple,2024,Active,Mumbai
AST01685,INDUSTRY-9659,Printer,Asus,2023,Active,Chennai
AST01686,NEXT-6202,Laptop,Dell,2023,Active,Kolkata
AST01687,ME-9753,Laptop,Asus,2023,Active,Pune
AST01688,GUN-1629,Desktop,Dell,2021,Active,Hyderabad
AST01689,THIS-1056,Mobile,Dell,2022,Expired,Bangalore
AST01690,AGREEMENT-4678,Tablet,Dell,2025,Active,Hyderabad
AST01691,PEACE-8805,Mobile,Acer,2024,Expired,Delhi
AST01692,CHAIR-7336,Server,Acer,2024,Active,Noida
AST01693,SOMETHING-5096,Printer,Acer,2023,Expired,Noida
AST01694,INVOLVE-8441,Mobile,Lenovo,2020,Active,Chennai
AST01695,DAY-3856,Server,Lenovo,2021,Active,Pune
AST01696,CONFERENCE-1343,Server,Lenovo,2024,Active,Hyderabad
AST01697,TEACHER-7723,Tablet,Asus,2022,Active,Kolkata
AST01698,SEVERAL-6782,Desktop,Apple,2020,Expired,Kolkata
AST01699,COACH-8410,Server,Apple,2022,Expired,Pune
AST01700,YEAR-6341,Tablet,Apple,2021,Active,Mumbai
AST01701,DINNER-4554,Tablet,HP,2020,Active,Pune
AST01702,POLICY-9981,Server,Lenovo,2022,Expired,Mumbai
AST01703,PLAY-3315,Server,Dell,2022,Expired,Delhi
AST01704,MOUTH-7752,Laptop,HP,2025,Active,Pune
AST01705,CHOOSE-3567,Tablet,Apple,2023,Expired,Chennai
AST01706,BACK-1390,Tablet,HP,2022,Expired,Chennai
AST01707,EDUCATION-3553,Tablet,Apple,2021,Active,Chennai
AST01708,LIVE-6185,Server,HP,2022,Active,Noida
AST01709,FACE-9693,Tablet,Acer,2021,Active,Bangalore
AST01710,GOVERNMENT-2070,Laptop,Dell,2025,Active,Hyderabad
AST01711,GREEN-2473,Printer,Lenovo,2021,Active,Chennai
AST01712,KID-6039,Laptop,Lenovo,2020,Expired,Noida
AST01713,BALL-6547,Tablet,HP,2022,Expired,Delhi
AST01714,BEST-3618,Desktop,HP,2019,Expired,Bangalore
AST01715,ESPECIALLY-7712,Desktop,Asus,2023,Expired,Delhi
AST01716,WORLD-5086,Laptop,Acer,2024,Active,Noida
AST01717,ALTHOUGH-1645,Desktop,Apple,2019,Expired,Kolkata
AST01718,SAFE-3792,Laptop,Asus,2022,Expired,Noida
AST01719,SKILL-3979,Server,Dell,2023,Expired,Pune
AST01720,TOUGH-2392,Printer,Dell,2021,Active,Chennai
AST01721,SIDE-5916,Tablet,Apple,2023,Active,Bangalore
AST01722,FINANCIAL-4229,Tablet,Lenovo,2025,Expired,Bangalore
AST01723,CASE-9105,Laptop,Asus,2021,Expired,Chennai
AST01724,NATURE-5140,Desktop,Asus,2021,Expired,Hyderabad
AST01725,NORTH-6219,Desktop,Dell,2022,Active,Delhi
AST01726,INVOLVE-8355,Server,Lenovo,2021,Active,Delhi
AST01727,YEAH-8505,Tablet,Dell,2024,Expired,Hyderabad
AST01728,SMALL-1174,Tablet,Asus,2020,Active,Delhi
AST01729,AND-4270,Server,Apple,2022,Expired,Hyderabad
AST01730,THEMSELVES-5428,Tablet,Apple,2024,Expired,Pune
AST01731,HIT-9398,Server,Apple,2025,Expired,Chennai
AST01732,PROFESSOR-5285,Mobile,HP,2021,Expired,Delhi
AST01733,AGAINST-2364,Server,Acer,2021,Active,Pune
AST01734,STAR-9336,Laptop,Dell,2025,Active,Bangalore
AST01735,STRUCTURE-2219,Desktop,Lenovo,2020,Active,Chennai
AST01736,GREEN-4882,Laptop,Dell,2023,Active,Hyderabad
AST01737,ECONOMY-6589,Mobile,Dell,2024,Active,Noida
AST01738,MIND-6421,Tablet,Dell,2024,Active,Hyderabad
AST01739,WOULD-3272,Desktop,Acer,2024,Active,Chennai
AST01740,INDICATE-2500,Laptop,Apple,2019,Active,Mumbai
AST01741,LATER-2301,Server,Lenovo,2019,Active,Noida
AST01742,LEARN-4232,Tablet,Apple,2025,Active,Noida
AST01743,STREET-2003,Server,HP,2021,Active,Bangalore
AST01744,SIX-4239,Printer,HP,2020,Active,Bangalore
AST01745,ANY-2241,Desktop,HP,2024,Expired,Mumbai
AST01746,NATURAL-7466,Tablet,Asus,2020,Expired,Kolkata
AST01747,RULE-5676,Desktop,Apple,2023,Expired,Pune
AST01748,BIG-4944,Mobile,Dell,2024,Expired,Delhi
AST01749,BUT-3642,Laptop,Dell,2025,Active,Noida
AST01750,SKIN-1989,Mobile,Apple,2021,Active,Noida
AST01751,CAREER-2445,Printer,Asus,2019,Expired,Bangalore
AST01752,LAST-5299,Tablet,Lenovo,2023,Expired,Pune
AST01753,STATEMENT-8871,Printer,Apple,2024,Expired,Noida
AST01754,THROUGHOUT-9944,Tablet,HP,2021,Active,Chennai
AST01755,AFFECT-6781,Server,Apple,2019,Expired,Pune
AST01756,WRONG-7606,Server,Apple,2025,Expired,Chennai
AST01757,AND-7317,Server,Dell,2020,Active,Pune
AST01758,YET-3447,Server,Lenovo,2022,Active,Kolkata
AST01759,DATA-3830,Desktop,Asus,2025,Active,Mumbai
AST01760,TWO-1268,Server,Apple,2019,Active,Delhi
AST01761,AROUND-4240,Laptop,Apple,2021,Expired,Chennai
AST01762,NATURE-5549,Desktop,HP,2021,Expired,Noida
AST01763,VALUE-8128,Desktop,Apple,2022,Active,Pune
AST01764,DEMOCRAT-2096,Printer,Acer,2019,Expired,Delhi
AST01765,HERSELF-4852,Mobile,Apple,2020,Active,Kolkata
AST01766,IN-1212,Printer,Acer,2022,Active,Pune
AST01767,INFORMATION-6089,Tablet,Asus,2024,Expired,Bangalore
AST01768,USUALLY-3120,Mobile,Lenovo,2023,Expired,Pune
AST01769,POLITICAL-3099,Printer,Asus,2025,Expired,Bangalore
AST01770,BEHAVIOR-8324,Printer,Apple,2019,Active,Mumbai
AST01771,TELEVISION-4824,Printer,Acer,2021,Expired,Delhi
AST01772,TRY-6582,Mobile,Lenovo,2023,Active,Chennai
AST01773,SOURCE-4750,Tablet,Asus,2021,Active,Mumbai
AST01774,AGREEMENT-8696,Laptop,Lenovo,2022,Active,Kolkata
AST01775,IMAGINE-3430,Mobile,Lenovo,2025,Active,Noida
AST01776,CLASS-5358,Laptop,Apple,2022,Expired,Mumbai
AST01777,REVEAL-5525,Tablet,HP,2025,Expired,Hyderabad
AST01778,LOSE-5040,Desktop,Acer,2022,Active,Pune
AST01779,BABY-8906,Mobile,HP,2021,Expired,Pune
AST01780,FULL-6147,Mobile,Asus,2022,Active,Mumbai
AST01781,YARD-2972,Printer,Acer,2023,Active,Mumbai
AST01782,SKILL-9259,Printer,HP,2023,Expired,Kolkata
AST01783,DIFFERENCE-1178,Printer,Lenovo,2024,Active,Chennai
AST01784,BLACK-1414,Laptop,Acer,2021,Expired,Bangalore
AST01785,CONTINUE-8617,Desktop,Apple,2021,Expired,Chennai
AST01786,SPECIAL-8276,Printer,Dell,2023,Expired,Noida
AST01787,DISCOVER-4240,Tablet,Asus,2021,Expired,Delhi
AST01788,ENVIRONMENTAL-3105,Printer,Dell,2020,Active,Hyderabad
AST01789,WATER-6349,Mobile,Apple,2025,Expired,Chennai
AST01790,GROW-7144,Mobile,Dell,2021,Expired,Pune
AST01791,HEART-3916,Printer,Asus,2022,Active,Delhi
AST01792,AREA-1645,Mobile,Dell,2021,Active,Noida
AST01793,TELEVISION-2112,Desktop,HP,2019,Active,Chennai
AST01794,LAW-4850,Laptop,Lenovo,2024,Expired,Pune
AST01795,MR-7760,Printer,Dell,2019,Expired,Kolkata
AST01796,OIL-2018,Mobile,Apple,2023,Expired,Chennai
AST01797,COVER-2465,Desktop,Apple,2023,Active,Bangalore
AST01798,LEAST-5272,Desktop,HP,2025,Active,Hyderabad
AST01799,OWNER-4694,Server,Dell,2019,Active,Mumbai
AST01800,BOY-4811,Desktop,HP,2025,Expired,Pune
AST01801,MENTION-7484,Laptop,Asus,2022,Expired,Noida
AST01802,PRODUCE-7798,Mobile,Dell,2019,Active,Mumbai
AST01803,THROW-1589,Desktop,HP,2023,Expired,Hyderabad
AST01804,MEMORY-2320,Mobile,Lenovo,2021,Active,Kolkata
AST01805,LANGUAGE-3494,Mobile,Dell,2020,Expired,Delhi
AST01806,SOURCE-7132,Mobile,Apple,2023,Active,Mumbai
AST01807,OPTION-5198,Printer,HP,2025,Expired,Delhi
AST01808,QUICKLY-2952,Tablet,Lenovo,2022,Expired,Hyderabad
AST01809,WEIGHT-9385,Server,HP,2022,Active,Bangalore
AST01810,CHARACTER-7348,Laptop,Acer,2019,Active,Mumbai
AST01811,PRETTY-5892,Tablet,Acer,2025,Active,Delhi
AST01812,DEVELOP-8598,Laptop,Acer,2021,Active,Delhi
AST01813,NETWORK-9373,Laptop,Lenovo,2020,Active,Mumbai
AST01814,THEORY-3964,Printer,HP,2025,Expired,Kolkata
AST01815,EVERYTHING-6363,Server,Apple,2024,Active,Noida
AST01816,FILL-5675,Tablet,HP,2022,Active,Bangalore
AST01817,SO-1511,Mobile,Dell,2019,Active,Delhi
AST01818,AMOUNT-5971,Server,Apple,2019,Active,Bangalore
AST01819,BUSINESS-7030,Desktop,Acer,2019,Active,Kolkata
AST01820,EFFORT-7108,Laptop,Lenovo,2024,Expired,Hyderabad
AST01821,FLY-1573,Laptop,Lenovo,2021,Active,Delhi
AST01822,WAR-4353,Laptop,Acer,2022,Active,Noida
AST01823,ONCE-1235,Laptop,Dell,2020,Active,Noida
AST01824,ACCEPT-5475,Printer,Dell,2025,Expired,Bangalore
AST01825,STUDENT-3511,Desktop,Dell,2024,Expired,Kolkata
AST01826,NEWS-1608,Server,Apple,2019,Expired,Kolkata
AST01827,LINE-1217,Mobile,Dell,2020,Active,Delhi
AST01828,STATE-5613,Tablet,Apple,2024,Active,Delhi
AST01829,DAUGHTER-5455,Desktop,HP,2019,Expired,Hyderabad
AST01830,GUESS-1722,Mobile,Apple,2024,Expired,Mumbai
AST01831,FIRE-1774,Printer,Lenovo,2024,Active,Pune
AST01832,ECONOMY-8741,Mobile,HP,2022,Expired,Pune
AST01833,ME-9859,Desktop,Lenovo,2024,Expired,Kolkata
AST01834,TRAVEL-7582,Printer,Apple,2020,Expired,Delhi
AST01835,REGION-9102,Tablet,Asus,2020,Expired,Pune
AST01836,WHILE-2416,Mobile,Lenovo,2022,Active,Pune
AST01837,OIL-8644,Server,Asus,2021,Active,Hyderabad
AST01838,SINCE-9296,Tablet,HP,2021,Expired,Chennai
AST01839,WALL-3285,Desktop,Acer,2025,Expired,Bangalore
AST01840,NEWSPAPER-7864,Laptop,Asus,2025,Active,Bangalore
AST01841,CENTURY-1066,Printer,Asus,2023,Active,Mumbai
AST01842,INVOLVE-6486,Server,Dell,2024,Expired,Pune
AST01843,ANY-7471,Mobile,Acer,2023,Expired,Mumbai
AST01844,DIFFERENCE-6752,Tablet,Apple,2023,Active,Mumbai
AST01845,EAST-8432,Desktop,Acer,2024,Active,Hyderabad
AST01846,QUITE-9265,Laptop,Apple,2025,Active,Bangalore
AST01847,HOUSE-6022,Desktop,Apple,2024,Expired,Mumbai
AST01848,POSSIBLE-2582,Desktop,Dell,2023,Active,Hyderabad
AST01849,SHAKE-2983,Desktop,HP,2021,Active,Bangalore
AST01850,CAPITAL-8415,Laptop,Apple,2021,Expired,Kolkata
AST01851,ARGUE-5918,Printer,Apple,2019,Expired,Mumbai
AST01852,BLUE-8020,Mobile,Asus,2021,Expired,Hyderabad
AST01853,REGION-9050,Laptop,Apple,2024,Expired,Pune
AST01854,HOSPITAL-5190,Tablet,Apple,2019,Expired,Bangalore
AST01855,LIVE-6751,Tablet,Apple,2022,Active,Kolkata
AST01856,ROCK-8986,Laptop,Apple,2019,Expired,Bangalore
AST01857,RULE-5020,Tablet,Acer,2019,Active,Noida
AST01858,AFFECT-6527,Desktop,Asus,2022,Expired,Hyderabad
AST01859,POLICE-6075,Mobile,Acer,2021,Expired,Mumbai
AST01860,TERM-7727,Laptop,Dell,2023,Active,Hyderabad
AST01861,ANYONE-8281,Laptop,Asus,2023,Active,Noida
AST01862,MOVEMENT-7359,Mobile,Acer,2021,Active,Delhi
AST01863,HOME-2927,Tablet,Asus,2023,Expired,Chennai
AST01864,OTHER-5806,Desktop,Dell,2022,Expired,Pune
AST01865,PARTNER-2796,Tablet,HP,2022,Active,Mumbai
AST01866,SECOND-8966,Desktop,Dell,2022,Expired,Chennai
AST01867,ATTENTION-7172,Laptop,Lenovo,2025,Active,Mumbai
AST01868,SUGGEST-9083,Desktop,Acer,2021,Expired,Bangalore
AST01869,FIGURE-3694,Desktop,HP,2019,Active,Noida
AST01870,FEELING-7007,Tablet,Apple,2022,Active,Pune
AST01871,PAINTING-9904,Laptop,Apple,2024,Expired,Hyderabad
AST01872,COURT-8148,Mobile,Acer,2021,Expired,Bangalore
AST01873,WORRY-2429,Printer,Acer,2019,Expired,Noida
AST01874,ADMIT-9308,Desktop,HP,2022,Active,Hyderabad
AST01875,SEND-2415,Mobile,HP,2020,Active,Noida
AST01876,LOCAL-9944,Printer,Asus,2024,Expired,Noida
AST01877,ESPECIALLY-4039,Mobile,Apple,2019,Active,Hyderabad
AST01878,PASS-4316,Desktop,Lenovo,2020,Active,Kolkata
AST01879,SURFACE-7092,Laptop,Asus,2019,Active,Bangalore
AST01880,COMPANY-5356,Mobile,Asus,2023,Active,Delhi
AST01881,INTERESTING-3245,Printer,HP,2025,Expired,Mumbai
AST01882,SOMETHING-8778,Server,Apple,2020,Active,Bangalore
AST01883,PIECE-7354,Mobile,Acer,2020,Active,Chennai
AST01884,SEAT-3080,Mobile,HP,2024,Active,Noida
AST01885,PAGE-2189,Mobile,HP,2023,Active,Kolkata
AST01886,PRICE-6926,Desktop,Lenovo,2025,Expired,Hyderabad
AST01887,YES-8075,Laptop,Lenovo,2025,Expired,Hyderabad
AST01888,PROCESS-7122,Server,Apple,2020,Active,Chennai
AST01889,KITCHEN-9348,Server,Acer,2022,Active,Mumbai
AST01890,SPEAK-9540,Printer,Apple,2023,Active,Kolkata
AST01891,PROBABLY-1506,Server,Dell,2023,Active,Chennai
AST01892,PAGE-1654,Printer,Lenovo,2025,Expired,Delhi
AST01893,SYSTEM-6594,Printer,Asus,2022,Expired,Delhi
AST01894,HOW-8699,Mobile,Apple,2025,Expired,Chennai
AST01895,TRUE-6522,Laptop,Acer,2022,Expired,Pune
AST01896,STATEMENT-9470,Mobile,Acer,2023,Active,Delhi
AST01897,REALIZE-5394,Printer,Lenovo,2024,Active,Pune
AST01898,FINE-4922,Mobile,HP,2021,Expired,Delhi
AST01899,THEN-6488,Mobile,Acer,2020,Expired,Delhi
AST01900,OLD-7944,Tablet,Acer,2021,Active,Chennai
AST01901,QUALITY-5833,Desktop,Acer,2025,Expired,Pune
AST01902,POINT-8580,Mobile,Asus,2020,Active,Bangalore
AST01903,SONG-5775,Tablet,HP,2024,Active,Pune
AST01904,PLAN-9142,Printer,HP,2020,Expired,Noida
AST01905,SKILL-5435,Mobile,Apple,2024,Expired,Chennai
AST01906,SHOW-2180,Printer,Dell,2021,Expired,Kolkata
AST01907,REQUIRE-2090,Desktop,Lenovo,2019,Expired,Noida
AST01908,RESOURCE-5539,Mobile,Asus,2023,Expired,Mumbai
AST01909,SORT-1835,Server,Acer,2021,Expired,Bangalore
AST01910,TOO-8162,Server,Lenovo,2022,Active,Chennai
AST01911,LOSS-3013,Printer,Dell,2020,Active,Bangalore
AST01912,BEHIND-2760,Mobile,Asus,2021,Expired,Chennai
AST01913,VISIT-2571,Tablet,Acer,2025,Expired,Mumbai
AST01914,NEARLY-1981,Laptop,Dell,2019,Expired,Delhi
AST01915,FIND-8041,Desktop,HP,2021,Active,Delhi
AST01916,CHECK-6792,Desktop,HP,2023,Active,Pune
AST01917,NORTH-4602,Desktop,Apple,2025,Active,Hyderabad
AST01918,STEP-2493,Mobile,Acer,2020,Expired,Noida
AST01919,HISTORY-2567,Desktop,Apple,2019,Active,Mumbai
AST01920,PARTICULARLY-3713,Desktop,HP,2022,Expired,Bangalore
AST01921,IF-4912,Tablet,Lenovo,2019,Expired,Kolkata
AST01922,PUBLIC-4496,Desktop,Dell,2022,Active,Kolkata
AST01923,OUTSIDE-8276,Server,HP,2024,Expired,Kolkata
AST01924,ENERGY-9868,Printer,HP,2019,Expired,Kolkata
AST01925,CHOICE-9584,Printer,Lenovo,2025,Active,Noida
AST01926,GIVE-7355,Server,Asus,2023,Active,Pune
AST01927,OTHER-2267,Mobile,Acer,2020,Expired,Chennai
AST01928,BOARD-7619,Desktop,HP,2025,Expired,Pune
AST01929,FINANCIAL-5491,Desktop,Acer,2022,Expired,Mumbai
AST01930,AGAINST-8695,Laptop,Acer,2022,Active,Bangalore
AST01931,SPORT-1358,Server,Asus,2022,Expired,Pune
AST01932,MONTH-1335,Server,Apple,2022,Expired,Kolkata
AST01933,VERY-8165,Printer,Lenovo,2019,Active,Delhi
AST01934,FORCE-5257,Server,HP,2021,Active,Mumbai
AST01935,OVER-9473,Mobile,Asus,2025,Active,Hyderabad
AST01936,PRESENT-6973,Laptop,HP,2022,Active,Chennai
AST01937,STRUCTURE-1820,Printer,Dell,2019,Expired,Noida
AST01938,TOUGH-5803,Desktop,Apple,2020,Expired,Chennai
AST01939,DAY-7708,Printer,HP,2020,Active,Mumbai
AST01940,CONTINUE-2511,Mobile,Dell,2025,Active,Delhi
AST01941,VOICE-8704,Server,HP,2023,Active,Hyderabad
AST01942,CUSTOMER-4201,Mobile,Acer,2025,Active,Bangalore
AST01943,BOX-2663,Printer,HP,2025,Active,Noida
AST01944,CRIME-7044,Tablet,HP,2023,Active,Chennai
AST01945,THOSE-1143,Printer,HP,2020,Expired,Hyderabad
AST01946,STATEMENT-9265,Laptop,Apple,2023,Active,Chennai
AST01947,SURFACE-8685,Desktop,HP,2019,Active,Pune
AST01948,TEN-5575,Server,HP,2023,Expired,Chennai
AST01949,DOG-2800,Tablet,HP,2024,Active,Hyderabad
AST01950,FINANCIAL-7183,Desktop,Dell,2019,Expired,Noida
AST01951,STATEMENT-9027,Tablet,Apple,2023,Expired,Noida
AST01952,CHANCE-9514,Printer,Asus,2024,Expired,Delhi
AST01953,STAND-7679,Desktop,Asus,2023,Expired,Chennai
AST01954,LAW-1596,Desktop,Dell,2025,Expired,Delhi
AST01955,INTERNATIONAL-7756,Server,Apple,2019,Expired,Pune
AST01956,ORGANIZATION-6153,Server,HP,2019,Active,Mumbai
AST01957,OPPORTUNITY-3411,Server,Asus,2022,Active,Delhi
AST01958,WRITER-5005,Desktop,Dell,2022,Active,Noida
AST01959,AROUND-8975,Server,Apple,2021,Expired,Pune
AST01960,INVOLVE-8590,Desktop,Apple,2020,Active,Mumbai
AST01961,PREVENT-2659,Printer,Lenovo,2020,Active,Pune
AST01962,SCENE-7333,Tablet,Apple,2022,Active,Delhi
AST01963,AGENCY-9397,Mobile,Apple,2021,Active,Noida
AST01964,OPEN-6775,Printer,HP,2019,Expired,Chennai
AST01965,MATERIAL-2659,Desktop,Acer,2019,Expired,Hyderabad
AST01966,CLEAR-9347,Desktop,Acer,2019,Expired,Hyderabad
AST01967,INFORMATION-7609,Printer,Asus,2022,Expired,Pune
AST01968,PUSH-6350,Printer,Lenovo,2023,Active,Bangalore
AST01969,BUY-8987,Server,Asus,2022,Active,Bangalore
AST01970,LOT-7191,Printer,Acer,2020,Expired,Delhi
AST01971,SOUTH-3329,Desktop,Dell,2020,Expired,Delhi
AST01972,KEY-4608,Laptop,Dell,2022,Expired,Hyderabad
AST01973,WAIT-4186,Server,Asus,2020,Active,Kolkata
AST01974,ALLOW-3484,Server,Asus,2025,Expired,Mumbai
AST01975,QUALITY-2085,Desktop,Dell,2019,Expired,Noida
AST01976,LETTER-2082,Desktop,Apple,2025,Active,Noida
AST01977,CONTAIN-2310,Tablet,Apple,2019,Expired,Pune
AST01978,SO-8682,Printer,Asus,2025,Expired,Pune
AST01979,DIRECTION-3549,Tablet,Acer,2023,Expired,Mumbai
AST01980,FOR-1364,Server,Apple,2020,Expired,Pune
AST01981,OR-5924,Server,Acer,2023,Expired,Hyderabad
AST01982,YES-5920,Printer,Dell,2023,Active,Mumbai
AST01983,SHAKE-4587,Desktop,Apple,2025,Active,Bangalore
AST01984,DRIVE-9883,Mobile,Lenovo,2024,Expired,Kolkata
AST01985,NATURE-6426,Printer,Dell,2022,Active,Chennai
AST01986,POLICY-8883,Tablet,Dell,2023,Expired,Hyderabad
AST01987,DISCUSSION-7650,Server,HP,2022,Expired,Noida
AST01988,GAS-6468,Printer,Dell,2019,Expired,Mumbai
AST01989,RELIGIOUS-9058,Server,Asus,2022,Active,Kolkata
AST01990,RECOGNIZE-4852,Printer,HP,2022,Active,Pune
AST01991,PLAY-6359,Mobile,Apple,2020,Active,Bangalore
AST01992,WHATEVER-2348,Tablet,Dell,2019,Active,Kolkata
AST01993,HIGH-2512,Tablet,Acer,2022,Active,Hyderabad
AST01994,RATE-8720,Desktop,Dell,2019,Active,Delhi
AST01995,EITHER-7009,Tablet,Acer,2025,Expired,Bangalore
AST01996,WAY-3706,Printer,Lenovo,2019,Active,Hyderabad
AST01997,NATURE-2349,Laptop,Asus,2023,Active,Mumbai
AST01998,CERTAINLY-3784,Server,Apple,2025,Active,Delhi
AST01999,REALLY-5774,Mobile,Asus,2023,Active,Delhi
AST02000,WATCH-2064,Server,Asus,2020,Expired,Chennai
